Timestamp,Channel_1,Channel_2,Channel_3,Channel_4,Channel_5,Channel_6,Channel_7,Channel_8,Channel_9,Channel_10,Channel_11,Channel_12,Channel_13,Channel_14,Channel_15,Channel_16,Channel_17,Channel_18,Channel_19,Channel_20,Channel_21,Channel_22,Channel_23,Channel_24,Channel_25,Channel_26,Channel_27,Channel_28,Channel_29,Channel_30,Channel_31,Channel_32
2024-02-27 13:49:36,168,161,151,124,100,171,170,103,116,119,170,167,132,179,148,151,100,160,118,88,127,119,182,167,154,116,96,163,181,165,145,120
2024-02-27 13:49:36,120,143,119,131,147,91,144,135,143,167,131,131,107,155,131,159,108,123,154,119,103,151,157,100,114,134,142,114,119,150,158,164
2024-02-27 13:49:36,111,111,138,111,119,140,167,130,107,127,140,121,130,134,153,99,133,133,126,137,119,133,148,105,100,139,105,159,130,133,136,113
2024-02-27 13:49:36,125,153,139,123,109,156,133,155,133,112,151,133,129,116,148,123,133,116,133,116,147,137,132,153,140,140,117,127,123,105,114,146
2024-02-27 13:49:36,139,124,128,134,131,120,133,119,127,136,135,127,121,141,124,127,135,135,115,133,136,123,126,133,127,131,134,134,131,135,139,128
2024-02-27 13:49:36,132,130,129,130,131,133,125,128,125,127,128,127,124,127,127,127,130,126,126,130,128,127,126,127,128,128,127,127,127,127,127,127
2024-02-27 13:49:36,131,131,123,125,131,130,129,123,130,127,122,123,130,122,126,121,128,127,121,122,126,128,120,119,132,122,126,121,127,133,121,133
2024-02-27 13:49:36,119,143,141,117,117,130,132,132,123,123,142,134,117,121,137,116,116,138,136,114,124,120,124,130,125,125,122,126,125,125,145,147
2024-02-27 13:49:36,111,121,111,111,118,121,145,127,110,136,115,106,127,135,129,136,120,132,124,114,122,105,125,104,125,152,106,116,104,132,97,116
2024-02-27 13:49:36,120,114,123,157,133,91,114,148,128,140,148,148,160,149,132,149,93,161,127,135,149,123,138,153,123,123,161,140,153,112,128,160
2024-02-27 13:49:36,152,82,102,98,135,118,111,98,81,123,134,123,93,127,163,118,148,127,123,134,76,101,109,101,134,127,84,152,148,126,92,123
2024-02-27 13:49:36,127,167,127,138,125,130,127,151,115,119,132,103,154,130,127,119,83,102,135,119,77,99,77,132,119,135,160,111,101,84,134,160
2024-02-27 13:49:36,129,127,120,66,64,169,88,120,161,154,104,163,101,101,120,127,135,70,106,97,106,135,127,135,120,127,119,154,121,121,134,86
2024-02-27 13:49:36,59,126,63,64,169,64,121,102,57,123,159,118,131,122,82,131,154,158,97,59,97,119,123,122,154,57,62,135,101,156,98,157
2024-02-27 13:49:36,122,94,125,107,135,94,127,135,152,85,85,125,79,85,157,125,93,93,109,151,56,157,56,135,99,97,91,114,166,56,92,97
2024-02-27 13:49:36,46,90,53,97,149,163,53,53,90,118,75,148,97,156,90,89,156,128,59,127,102,156,83,162,147,101,88,73,43,156,109,43
2024-02-27 13:49:36,151,54,143,157,86,83,143,85,99,52,52,85,119,142,53,51,71,155,51,99,101,131,71,71,149,87,83,154,119,92,95,83
2024-02-27 13:49:37,137,137,37,127,137,88,119,101,87,94,49,150,87,49,119,87,131,131,147,100,133,100,77,143,94,48,86,37,84,148,81,148
2024-02-27 13:49:37,141,141,38,93,127,96,93,145,94,68,129,89,43,122,122,85,128,136,68,86,84,79,127,81,131,138,129,93,95,89,93,43
2024-02-27 13:49:37,94,93,128,88,129,122,125,138,34,79,92,128,119,135,85,93,76,84,86,127,93,84,50,119,76,68,84,51,127,101,85,42
2024-02-27 13:49:37,72,132,44,73,34,126,75,119,93,119,72,80,101,123,135,126,130,42,130,130,93,75,70,70,69,62,124,135,79,101,78,69
2024-02-27 13:49:37,82,63,108,35,51,66,123,49,127,119,115,74,84,134,64,90,127,85,111,106,114,101,110,64,69,134,114,55,35,84,133,36
2024-02-27 13:49:37,68,119,37,86,135,84,117,116,41,100,73,73,46,113,122,108,41,51,38,100,122,41,107,78,67,78,99,127,74,71,87,83
2024-02-27 13:49:37,135,59,48,112,83,80,127,88,80,99,90,119,48,64,47,58,58,88,130,49,135,121,101,96,74,135,88,52,53,57,129,83
2024-02-27 13:49:37,120,106,135,91,99,91,46,61,105,46,134,120,120,90,83,120,98,120,54,98,90,98,61,53,127,61,134,76,90,97,83,53
2024-02-27 13:49:37,127,93,119,125,99,92,59,87,58,93,91,53,100,59,119,78,88,88,51,51,86,97,86,59,94,58,45,104,92,45,97,83
2024-02-27 13:49:37,97,63,104,91,65,127,97,66,95,84,49,59,49,59,89,93,102,84,59,65,84,50,88,50,93,122,60,128,48,57,121,87
2024-02-27 13:49:37,53,87,50,87,104,59,53,59,99,104,51,86,86,105,99,88,86,85,64,85,120,120,124,102,69,88,102,97,64,119,119,98
2024-02-27 13:49:37,60,60,69,90,92,107,99,119,90,92,73,102,71,127,92,66,98,93,119,93,94,122,91,121,99,88,59,103,81,88,76,108
2024-02-27 13:49:37,97,93,123,110,94,80,64,93,103,110,102,90,103,119,93,111,86,119,119,79,98,119,79,91,79,79,111,75,83,104,127,103
2024-02-27 13:49:37,100,119,121,124,75,96,93,113,104,76,124,83,74,79,106,111,99,76,124,78,85,119,109,108,90,88,89,106,81,109,107,81
2024-02-27 13:49:37,108,117,108,102,107,101,102,87,105,99,123,111,96,100,108,127,125,105,94,89,92,100,105,125,123,111,99,95,109,127,99,120
2024-02-27 13:49:37,101,115,107,120,110,118,121,115,108,111,112,124,103,112,108,111,109,108,112,126,107,125,116,116,114,114,123,116,119,121,118,119
2024-02-27 13:49:37,121,124,122,119,126,122,126,122,126,121,123,124,124,123,125,127,125,126,124,125,125,126,127,126,126,126,126,127,127,127,127,127
2024-02-27 13:49:37,127,132,134,132,130,127,128,129,130,136,132,128,132,136,130,135,135,133,136,136,131,135,131,140,137,134,139,140,141,132,140,135
2024-02-27 13:49:37,138,127,131,150,137,135,143,137,145,147,138,142,138,153,143,142,138,155,141,139,132,157,133,140,139,140,130,136,140,138,143,151
2024-02-27 13:49:37,141,127,166,152,133,166,153,168,139,139,139,156,135,160,169,149,168,135,145,171,153,148,154,161,145,141,145,134,172,156,154,127
2024-02-27 13:49:37,168,146,163,167,173,159,160,160,168,155,180,130,160,127,135,169,161,156,156,182,155,145,182,133,145,163,167,135,172,160,157,175
2024-02-27 13:49:37,160,152,127,159,144,160,164,181,190,165,156,165,163,189,153,161,134,144,187,191,170,190,158,160,165,160,149,149,149,152,157,134
2024-02-27 13:49:37,127,164,159,184,147,161,164,164,165,197,159,197,162,197,135,165,178,195,186,183,187,131,153,156,168,183,156,127,164,188,135,156
2024-02-27 13:49:37,191,129,155,168,168,166,186,167,202,184,195,167,167,167,159,161,156,162,169,169,194,162,128,192,187,169,169,161,157,187,193,163
2024-02-27 13:49:37,173,197,173,127,157,165,161,152,166,169,200,192,192,150,161,160,160,197,166,199,204,157,201,157,197,197,175,150,131,171,196,163
2024-02-27 13:49:37,153,129,127,169,195,199,205,201,201,149,199,201,155,177,152,192,152,171,135,166,192,151,192,165,157,134,165,207,200,199,194,163
2024-02-27 13:49:37,119,157,209,171,207,172,200,154,164,202,199,135,162,203,165,173,134,146,135,203,156,180,206,195,211,127,127,203,173,161,210,165
2024-02-27 13:49:37,194,194,182,150,159,198,150,193,189,150,150,197,183,212,164,135,202,132,213,140,154,151,140,151,144,213,216,167,148,208,139,201
2024-02-27 13:49:37,153,131,160,187,153,180,186,170,127,136,210,185,135,185,218,135,153,142,168,135,195,184,191,185,121,177,170,121,169,135,214,204
2024-02-27 13:49:37,187,173,127,220,182,153,132,128,170,170,207,207,170,137,157,208,153,161,170,169,185,185,203,158,178,176,134,124,133,134,203,124
2024-02-27 13:49:37,127,127,211,178,179,127,178,153,127,136,128,161,178,170,178,127,178,212,161,186,153,127,178,178,127,178,212,178,170,170,127,161
2024-02-27 13:49:37,114,174,214,123,176,114,220,114,214,177,122,130,171,119,175,178,180,215,172,176,124,220,169,215,203,174,131,210,215,111,176,178
2024-02-27 13:49:37,123,161,127,133,165,135,123,120,153,166,133,122,172,153,174,163,173,183,120,106,159,210,106,206,218,162,170,167,127,168,135,120
2024-02-27 13:49:37,203,184,176,108,159,103,127,122,203,171,115,216,154,135,102,115,175,122,154,154,155,208,114,202,155,149,114,159,113,215,105,153
2024-02-27 13:49:37,146,182,167,149,202,155,198,148,156,156,95,166,158,125,94,99,147,202,140,108,108,203,166,109,171,211,156,165,156,166,157,156
2024-02-27 13:49:37,127,208,149,178,156,156,207,97,141,200,127,171,207,163,147,163,119,97,177,127,157,200,97,162,89,177,198,148,97,127,162,205
2024-02-27 13:49:37,187,127,198,161,94,132,94,201,98,126,174,194,141,158,138,186,86,138,137,200,100,131,158,133,133,139,170,196,100,97,153,119
2024-02-27 13:49:37,133,143,151,130,130,119,94,133,187,193,194,151,155,169,142,99,157,178,193,129,99,192,151,151,133,99,154,142,126,162,127,134
2024-02-27 13:49:37,140,189,134,126,167,151,119,151,167,167,155,145,126,85,155,122,159,155,187,144,155,119,119,184,166,130,139,165,152,173,102,153
2024-02-27 13:49:37,88,121,121,116,117,178,154,119,127,148,135,138,101,159,173,105,90,176,172,137,97,90,163,158,97,175,132,153,170,90,153,144
2024-02-27 13:49:37,147,115,136,143,147,131,104,151,123,173,158,115,116,119,149,94,92,164,142,116,140,157,133,127,126,122,154,105,166,148,166,101
2024-02-27 13:49:37,164,159,97,152,152,133,141,125,136,163,133,119,133,109,161,149,113,149,119,115,123,138,135,118,138,137,137,152,155,115,134,129
2024-02-27 13:49:37,117,146,120,128,120,129,131,109,127,136,150,143,129,143,146,108,121,130,130,124,135,127,141,129,130,114,111,127,132,120,119,140
2024-02-27 13:49:37,129,137,126,125,131,129,128,132,129,130,128,125,122,133,127,126,128,122,132,127,126,130,133,126,130,131,119,126,122,128,128,133
2024-02-27 13:49:37,127,127,127,127,127,127,127,127,127,127,127,127,127,127,127,127,127,126,127,127,126,126,126,126,127,128,126,128,127,125,126,125
2024-02-27 13:49:37,122,124,121,127,125,118,125,121,115,119,132,125,115,132,115,120,131,122,134,119,126,127,131,127,141,114,135,128,117,128,122,113
2024-02-27 13:49:37,130,127,130,109,107,114,114,129,127,134,134,134,134,114,119,138,119,113,137,113,143,119,121,131,123,112,112,131,131,119,114,114
2024-02-27 13:49:37,109,119,93,113,135,108,124,146,121,120,121,141,137,124,137,149,149,157,112,128,119,128,124,94,133,137,111,137,93,120,114,139
2024-02-27 13:49:37,162,150,128,127,131,98,113,108,89,146,128,123,119,154,84,111,95,123,155,103,123,83,155,99,111,135,95,87,107,163,102,119
2024-02-27 13:49:37,92,90,127,122,89,134,101,130,115,138,122,95,165,153,107,81,122,105,104,133,105,164,135,90,136,164,122,116,127,103,103,125
2024-02-27 13:49:37,137,131,137,129,90,104,87,137,109,66,106,103,122,128,155,136,89,103,164,155,105,120,75,153,94,105,80,99,86,135,107,96
2024-02-27 13:49:37,119,121,112,125,100,121,161,103,121,60,133,66,84,98,132,64,160,135,118,73,155,121,155,159,123,88,97,100,84,59,87,159
2024-02-27 13:49:37,127,113,168,123,57,113,53,124,96,120,153,108,113,168,114,127,160,100,100,160,52,67,99,66,135,93,124,113,120,167,85,159
2024-02-27 13:49:37,76,91,120,107,122,84,91,91,150,62,150,105,91,61,83,149,149,149,157,61,164,76,127,164,120,113,98,156,104,90,83,134
2024-02-27 13:49:37,57,103,88,100,88,89,73,145,87,42,99,99,72,153,81,81,98,106,153,119,105,155,152,108,49,130,49,72,96,96,111,83
2024-02-27 13:49:37,152,153,132,83,79,100,52,100,95,51,38,139,51,138,152,51,90,119,46,86,84,119,46,94,78,151,89,137,50,137,88,119
2024-02-27 13:49:37,77,131,94,71,94,77,119,77,127,127,119,85,140,101,69,94,80,84,44,94,88,121,85,143,134,134,35,133,133,77,88,46
2024-02-27 13:49:37,135,84,90,85,68,84,73,91,84,78,127,51,130,84,124,134,127,42,34,76,119,79,76,84,81,128,73,101,34,129,84,42
2024-02-27 13:49:37,33,136,135,93,127,51,76,127,102,42,51,33,127,127,85,127,84,118,75,127,135,119,84,127,68,128,74,74,93,42,127,134
2024-02-27 13:49:37,68,135,68,51,135,130,73,101,76,127,93,111,34,117,110,72,66,131,80,74,75,115,72,131,74,118,67,127,117,74,64,68
2024-02-27 13:49:37,119,119,50,113,119,84,44,69,69,119,100,119,119,100,90,127,134,133,133,123,90,51,94,94,90,118,101,41,117,133,52,102
2024-02-27 13:49:37,51,132,63,127,100,83,98,51,66,42,114,52,42,47,57,79,95,119,97,61,51,135,108,79,51,135,108,48,42,48,56,88
2024-02-27 13:49:37,89,43,89,96,102,120,105,98,53,98,59,92,59,47,119,82,45,105,98,90,107,90,100,97,91,75,60,54,60,91,90,53
2024-02-27 13:49:37,89,91,134,127,127,134,52,103,102,91,77,89,53,96,45,133,125,53,59,97,56,99,49,51,119,77,120,105,87,59,59,46
2024-02-27 13:49:37,127,83,131,91,94,87,46,131,58,87,54,48,90,81,104,46,121,65,89,130,58,54,56,80,121,96,87,59,121,95,83,47
2024-02-27 13:49:37,127,127,121,121,91,61,67,103,62,58,60,87,87,126,91,69,92,63,60,87,69,53,93,127,53,91,121,127,86,91,70,102
2024-02-27 13:49:37,98,101,89,94,94,55,106,102,98,75,89,86,71,98,86,56,127,68,59,127,107,122,127,102,87,65,122,102,69,93,73,95
2024-02-27 13:49:37,102,100,120,127,100,62,61,119,123,75,66,96,79,64,93,94,64,120,101,101,127,120,64,84,101,102,64,119,76,85,73,120
2024-02-27 13:49:37,101,78,92,104,98,100,96,87,109,120,83,71,101,102,119,95,77,107,107,119,98,81,85,85,100,73,114,76,110,95,106,108
2024-02-27 13:49:37,105,93,89,98,110,99,110,104,111,86,109,99,106,107,110,93,107,104,107,117,108,105,121,122,91,103,119,106,96,107,107,93
2024-02-27 13:49:37,96,113,113,125,127,123,111,125,110,111,104,124,111,117,124,114,120,114,114,112,108,103,110,101,101,105,103,102,116,112,104,116
2024-02-27 13:49:37,119,116,121,121,120,124,118,115,122,115,118,120,119,119,121,122,122,124,117,125,126,117,122,120,126,122,123,124,127,124,122,124
2024-02-27 13:49:37,127,127,127,127,127,127,127,127,128,128,128,127,127,127,128,128,129,131,128,128,129,129,128,129,131,129,129,127,130,132,132,129
2024-02-27 13:49:37,133,131,131,136,131,136,144,136,132,143,136,136,133,137,139,136,136,146,134,140,135,138,130,132,138,142,131,139,145,138,144,130
2024-02-27 13:49:37,135,141,140,142,134,155,144,127,134,137,129,133,147,159,143,141,158,143,141,160,140,140,156,162,140,151,138,142,136,145,139,143
2024-02-27 13:49:37,138,168,173,148,173,132,169,144,144,146,150,165,156,135,163,166,163,163,153,156,148,133,156,153,135,147,170,179,159,163,151,154
2024-02-27 13:49:37,135,184,150,149,150,160,157,177,150,157,142,185,131,165,174,127,127,127,163,151,143,163,150,188,159,135,151,159,150,179,188,159
2024-02-27 13:49:37,161,158,127,192,157,127,191,152,159,173,194,192,150,164,194,164,173,178,178,154,163,158,135,183,192,163,146,132,132,164,196,167
2024-02-27 13:49:37,183,167,162,152,185,135,127,184,184,168,196,135,169,149,196,168,168,149,134,169,202,160,135,168,132,199,169,190,163,168,190,135
2024-02-27 13:49:37,163,133,187,161,203,203,159,206,203,172,193,160,161,169,160,161,188,188,170,158,189,170,169,188,157,152,169,173,161,195,161,169
2024-02-27 13:49:37,150,157,201,171,190,160,208,164,150,204,162,160,196,204,163,168,123,168,194,157,175,195,171,171,155,122,201,150,171,201,135,196
2024-02-27 13:49:37,158,128,159,156,127,192,194,206,170,178,202,170,134,207,201,157,178,200,208,201,193,171,193,127,156,178,200,201,200,164,164,201
2024-02-27 13:49:37,134,156,165,180,198,181,127,211,165,196,191,171,160,158,191,153,191,166,207,124,149,152,160,119,205,202,174,202,182,155,195,211
2024-02-27 13:49:37,135,208,154,167,175,143,204,200,167,171,155,208,139,187,216,151,181,168,127,141,217,160,135,203,203,164,154,121,209,145,186,209
2024-02-27 13:49:37,164,185,121,135,131,141,199,191,199,153,120,199,134,219,164,185,153,164,148,219,192,142,192,130,130,170,186,141,181,183,183,120
2024-02-27 13:49:37,161,169,186,170,127,185,181,178,141,133,124,158,158,220,162,135,124,175,133,209,220,133,123,180,132,131,203,176,129,173,190,180
2024-02-27 13:49:37,178,127,119,212,178,204,127,212,127,127,212,177,178,178,220,135,127,220,161,162,161,212,177,169,127,186,184,211,127,127,161,211
2024-02-27 13:49:37,163,203,169,186,171,129,211,181,159,135,169,128,162,175,159,178,161,127,178,175,220,160,173,158,211,165,219,182,167,186,158,175
2024-02-27 13:49:37,207,207,173,203,135,203,120,120,108,170,112,120,158,173,107,107,157,177,120,183,118,154,123,156,121,156,107,153,216,205,167,127
2024-02-27 13:49:37,216,114,216,167,122,115,161,215,183,207,147,153,175,113,121,155,160,112,155,135,100,169,145,214,174,121,166,182,202,135,202,124
2024-02-27 13:49:37,211,94,139,100,139,166,165,145,203,127,211,165,138,165,126,145,135,156,172,120,171,210,201,144,126,127,143,209,164,164,91,91
2024-02-27 13:49:37,97,140,156,134,97,207,104,127,146,119,148,139,162,96,103,190,163,162,131,148,198,162,133,103,119,161,127,155,205,169,199,134
2024-02-27 13:49:37,138,97,119,171,141,138,170,145,171,131,100,185,85,97,137,157,169,173,125,192,133,124,166,130,132,183,198,133,123,93,196,168
2024-02-27 13:49:37,178,99,93,163,99,193,133,150,135,154,192,177,128,156,134,127,85,119,134,93,134,167,126,184,100,100,148,127,150,134,191,157
2024-02-27 13:49:37,131,135,148,164,123,185,132,119,133,187,184,125,123,166,186,173,152,132,119,157,178,125,157,100,87,90,87,152,155,133,119,133
2024-02-27 13:49:37,97,123,147,101,97,117,89,120,123,131,97,120,120,116,146,120,127,97,170,120,174,131,153,144,102,162,106,153,127,135,127,148
2024-02-27 13:49:37,143,126,134,134,143,123,140,171,152,131,152,155,142,145,133,127,140,121,116,122,126,126,156,155,144,127,141,148,127,138,94,154
2024-02-27 13:49:37,146,144,136,130,106,114,150,133,161,113,114,145,133,135,99,144,133,144,114,127,122,130,144,134,118,130,144,151,129,115,143,129
2024-02-27 13:49:37,139,142,140,114,135,108,129,127,138,107,131,147,132,115,121,131,144,118,127,132,143,129,118,124,127,137,140,137,133,121,146,110
2024-02-27 13:49:37,127,123,122,129,132,130,133,123,125,130,127,130,119,119,126,119,120,121,126,124,124,124,126,128,127,130,131,128,130,127,129,121
2024-02-27 13:49:37,127,127,127,127,127,127,127,127,127,127,127,127,127,127,127,126,128,127,126,127,127,128,126,128,128,128,124,127,128,127,128,126
2024-02-27 13:49:37,118,119,130,133,135,130,124,131,120,131,129,118,133,115,120,124,117,135,118,124,112,127,117,119,139,119,132,132,124,124,134,126
2024-02-27 13:49:37,134,110,131,146,116,127,127,125,108,105,134,125,101,121,109,113,118,110,106,114,118,116,127,114,148,109,134,116,105,121,145,118
2024-02-27 13:49:37,121,107,141,96,116,141,95,132,109,137,149,140,106,102,114,102,124,114,143,117,132,124,105,114,117,157,137,114,91,103,87,132
2024-02-27 13:49:37,104,85,127,140,123,134,123,127,100,127,118,118,84,139,94,155,95,119,119,131,119,139,94,111,152,123,127,163,102,119,156,138
2024-02-27 13:49:37,126,135,164,89,126,115,130,94,104,135,122,127,87,158,135,127,138,88,114,127,90,164,127,122,106,135,103,151,119,135,70,106
2024-02-27 13:49:37,169,122,137,100,100,127,68,122,155,65,153,114,136,80,67,105,163,135,130,107,129,94,136,102,113,122,97,106,93,154,87,97
2024-02-27 13:49:37,103,103,60,90,127,67,124,169,121,124,60,169,119,89,126,135,135,65,60,97,73,127,156,161,64,110,156,58,118,72,95,135
2024-02-27 13:49:37,135,60,157,123,87,123,87,168,60,53,96,127,55,108,120,93,94,119,95,54,127,156,118,94,81,157,51,159,55,52,157,85
2024-02-27 13:49:37,47,83,127,126,91,106,91,120,98,91,91,106,83,113,83,83,127,112,83,113,83,149,98,61,157,46,54,120,120,53,120,90
2024-02-27 13:49:37,127,146,103,83,42,42,100,114,114,42,99,98,102,133,56,73,88,56,52,73,102,49,88,111,111,102,158,151,88,96,104,157
2024-02-27 13:49:38,87,140,104,100,148,38,132,127,147,87,38,152,132,132,90,138,152,83,70,132,51,100,100,132,37,101,151,37,84,100,51,119
2024-02-27 13:49:38,85,145,51,145,94,98,82,147,82,97,94,97,127,94,134,121,134,89,127,69,119,84,80,96,133,101,134,132,134,133,130,130
2024-02-27 13:49:38,85,95,101,125,127,68,80,90,73,51,79,128,68,51,91,68,81,73,42,131,84,40,77,101,101,132,34,129,88,125,79,79
2024-02-27 13:49:38,42,127,42,76,84,93,76,127,102,76,75,67,93,93,101,76,117,68,42,125,84,101,102,126,84,135,75,135,41,76,101,123
2024-02-27 13:49:38,67,123,91,77,69,41,85,97,76,101,34,51,101,81,122,118,118,85,98,65,98,114,135,35,71,43,124,99,82,124,48,71
2024-02-27 13:49:38,127,101,133,36,118,54,62,78,86,127,107,67,107,102,53,106,116,61,52,102,37,90,41,105,94,66,84,67,60,114,127,86
2024-02-27 13:49:38,109,131,83,99,49,122,66,61,48,104,61,104,121,98,95,131,104,83,104,72,104,106,96,52,99,121,112,99,95,83,43,95
2024-02-27 13:49:38,128,90,119,90,92,97,127,128,105,120,127,60,98,135,82,54,54,90,107,100,75,135,105,98,75,46,135,60,75,53,46,134
2024-02-27 13:49:38,97,54,84,126,54,83,46,45,91,59,102,96,78,83,78,45,49,91,94,105,45,95,49,78,133,50,97,55,78,55,58,132
2024-02-27 13:49:38,88,79,53,127,123,48,57,85,87,80,46,121,82,82,58,80,93,93,122,96,97,83,89,91,57,93,81,66,50,56,66,127
2024-02-27 13:49:38,127,86,103,58,121,121,83,67,86,121,97,97,52,60,127,97,87,86,98,103,96,104,121,119,91,104,51,91,52,92,91,102
2024-02-27 13:49:38,89,127,122,102,58,91,101,94,99,59,90,64,97,94,122,119,97,60,89,60,89,122,102,102,93,102,122,98,73,93,93,74
2024-02-27 13:49:38,63,89,94,89,120,120,75,106,93,127,106,103,97,72,90,97,94,94,120,67,120,81,73,77,94,73,103,95,78,111,91,103
2024-02-27 13:49:38,71,97,97,82,127,127,71,121,95,72,101,109,109,127,77,93,85,94,98,86,94,119,127,86,90,114,110,79,78,119,106,97
2024-02-27 13:49:38,95,104,90,104,98,100,111,91,104,124,119,124,108,94,100,94,101,117,103,103,117,102,86,111,86,87,122,110,98,89,119,119
2024-02-27 13:49:38,104,116,102,104,113,116,115,100,102,110,109,112,102,116,125,100,119,124,111,123,118,113,114,124,118,107,101,124,117,115,115,103
2024-02-27 13:49:38,119,124,119,127,118,126,113,124,115,119,122,123,118,127,118,125,124,122,123,122,125,123,116,119,121,120,121,121,123,119,124,126
2024-02-27 13:49:38,127,127,127,127,127,127,127,127,128,128,128,128,127,128,128,129,129,129,129,129,129,129,131,129,128,130,132,132,132,133,133,129
2024-02-27 13:49:38,138,141,135,141,139,142,137,139,144,134,145,134,128,129,140,128,137,139,136,128,145,148,130,147,138,130,141,133,151,148,134,135
2024-02-27 13:49:38,139,129,131,157,147,143,141,143,151,142,145,143,147,163,147,149,129,155,162,150,147,145,133,141,143,135,149,157,168,149,137,165
2024-02-27 13:49:38,156,146,150,147,154,150,173,150,151,142,135,171,139,166,148,169,143,153,145,145,130,178,135,168,154,148,148,171,160,151,150,169
2024-02-27 13:49:38,185,161,185,184,165,159,166,182,131,135,151,147,151,167,186,174,186,188,163,176,131,152,176,168,160,173,160,169,165,161,156,160
2024-02-27 13:49:38,153,158,192,152,135,127,167,163,161,187,187,183,183,181,167,175,175,135,193,164,132,132,181,197,164,167,147,185,132,152,162,167
2024-02-27 13:49:38,184,135,189,132,132,132,132,169,167,154,201,156,187,169,185,200,127,169,196,163,189,157,197,186,192,167,162,197,204,186,202,162
2024-02-27 13:49:38,152,170,170,197,151,152,169,170,132,151,173,171,171,157,205,199,205,205,157,189,189,199,200,200,133,158,197,172,166,199,127,131
2024-02-27 13:49:38,155,163,155,202,162,150,162,196,166,167,163,122,204,162,134,135,162,135,201,204,153,177,135,171,121,191,121,201,176,160,152,158
2024-02-27 13:49:38,193,156,171,178,157,201,127,201,201,208,134,164,208,208,156,164,200,127,156,164,172,164,193,126,209,148,163,207,154,164,208,164
2024-02-27 13:49:38,150,158,213,144,124,166,199,150,190,205,133,171,135,213,190,180,164,158,197,206,189,133,206,159,133,156,164,141,183,133,193,166
2024-02-27 13:49:38,170,181,164,213,203,176,138,135,132,119,201,176,140,146,176,181,203,152,160,121,186,137,135,160,209,154,187,217,127,185,147,197
2024-02-27 13:49:38,214,164,153,190,177,180,198,180,131,214,183,177,182,203,161,181,133,183,138,132,180,173,203,180,173,195,132,220,178,145,180,207
2024-02-27 13:49:38,132,161,127,153,159,174,169,119,220,129,128,170,170,131,131,213,181,126,128,128,153,160,186,160,120,160,170,188,127,128,212,136
2024-02-27 13:49:38,133,220,124,211,133,116,178,180,119,132,211,163,169,153,177,114,163,180,114,178,126,160,135,124,180,178,153,186,181,181,170,169
2024-02-27 13:49:38,160,135,125,219,186,161,219,216,166,113,161,116,208,127,120,171,135,127,158,108,174,219,165,177,120,185,174,160,157,153,157,157
2024-02-27 13:49:38,160,216,155,153,184,159,167,105,135,184,117,170,117,165,154,155,184,135,122,117,164,167,108,203,152,135,108,159,167,216,184,127
2024-02-27 13:49:38,151,112,148,148,174,151,183,135,182,152,158,135,97,124,99,168,166,143,135,96,96,171,124,149,135,146,156,212,148,99,182,182
2024-02-27 13:49:38,180,107,179,171,151,150,156,136,201,151,127,179,150,105,134,208,179,164,157,164,150,135,179,105,194,164,141,171,193,208,148,97
2024-02-27 13:49:38,175,95,147,204,143,155,161,137,102,119,188,147,129,129,97,95,160,168,168,141,175,175,132,175,101,94,157,187,174,138,157,126
2024-02-27 13:49:38,196,134,153,85,119,136,123,93,100,167,154,133,136,170,190,152,95,98,98,157,85,189,164,130,98,130,132,189,135,99,151,99
2024-02-27 13:49:38,161,150,119,157,153,150,167,126,155,125,85,189,150,184,118,155,158,100,118,168,152,134,182,99,93,154,141,152,178,101,99,160
2024-02-27 13:49:38,139,185,139,169,122,162,119,148,127,119,116,119,184,100,164,129,180,87,180,90,151,149,90,149,179,116,90,104,155,155,90,139
2024-02-27 13:49:38,145,131,120,127,173,115,156,147,143,152,131,91,127,175,151,103,144,159,127,155,170,166,91,131,108,143,92,158,92,142,134,131
2024-02-27 13:49:38,121,103,160,138,130,114,127,147,116,131,140,135,111,121,135,149,107,135,119,112,142,107,119,160,122,122,148,134,146,151,119,119
2024-02-27 13:49:38,133,133,115,132,115,136,118,151,136,110,143,125,129,133,127,127,150,131,144,127,103,135,129,135,135,135,141,153,135,148,127,108
2024-02-27 13:49:38,139,124,130,131,128,133,133,127,127,136,132,124,124,138,138,124,120,127,132,120,119,140,127,137,128,119,134,133,127,114,127,120
2024-02-27 13:49:38,124,128,122,128,124,124,124,127,125,126,127,127,125,126,128,128,128,126,125,128,126,128,128,127,127,127,126,126,127,127,127,127
2024-02-27 13:49:38,124,126,124,125,124,124,126,124,124,130,125,130,124,132,127,126,125,128,131,119,124,121,132,130,127,131,130,117,136,118,130,137
2024-02-27 13:49:38,127,109,115,126,126,127,120,128,115,121,124,124,117,117,109,145,138,126,143,136,136,113,130,124,117,109,137,131,137,127,123,122
2024-02-27 13:49:38,145,149,135,127,129,125,152,97,125,115,150,107,112,122,107,120,124,127,124,129,109,124,147,140,104,104,125,105,131,124,124,97
2024-02-27 13:49:38,127,116,137,87,87,151,123,127,160,107,114,106,99,107,104,123,103,140,132,110,137,132,84,121,119,102,137,104,131,138,160,128
2024-02-27 13:49:38,127,102,110,93,131,93,119,164,123,102,109,139,85,102,102,102,148,102,123,98,152,138,157,127,119,110,119,127,117,92,101,75
2024-02-27 13:49:38,79,84,154,93,151,113,86,135,164,119,70,73,127,92,159,97,89,107,102,119,77,76,111,122,84,129,115,84,127,133,122,164
2024-02-27 13:49:38,66,161,127,136,127,66,120,65,120,63,129,65,93,78,63,155,154,128,93,98,161,98,63,92,77,154,119,127,98,103,135,121
2024-02-27 13:49:38,117,96,59,83,126,127,98,121,159,84,62,161,64,122,89,95,58,71,161,56,130,127,156,82,95,56,158,96,81,96,101,160
2024-02-27 13:49:38,111,94,127,86,127,135,120,97,83,120,94,58,110,152,122,125,152,152,125,65,117,115,78,116,55,110,83,93,125,109,120,114
2024-02-27 13:49:38,127,113,98,164,113,127,76,46,90,75,60,127,90,120,90,156,82,98,53,112,134,119,74,82,45,75,117,128,128,97,52,147
2024-02-27 13:49:38,155,96,87,49,119,80,73,52,151,105,99,80,99,133,80,154,95,142,151,127,142,83,71,109,95,39,154,80,150,150,39,85
2024-02-27 13:49:38,51,86,38,132,90,83,99,46,132,138,99,132,94,88,70,37,82,88,88,49,131,131,137,150,86,137,78,119,147,78,45,143
2024-02-27 13:49:38,51,69,38,84,94,47,84,96,80,134,43,91,38,145,38,134,85,130,122,134,35,38,51,122,85,101,136,94,135,76,128,136
2024-02-27 13:49:38,93,68,83,124,132,73,101,34,68,132,91,127,132,68,34,43,91,130,76,43,79,70,75,70,92,34,77,78,78,129,76,51
2024-02-27 13:49:38,51,126,94,128,125,77,125,76,101,72,92,51,68,64,68,95,51,75,123,78,41,92,119,34,122,68,124,73,129,78,113,84
2024-02-27 13:49:38,85,77,51,74,64,81,93,93,57,124,68,85,124,48,85,84,127,94,107,94,85,94,51,99,84,127,72,69,134,101,50,50
2024-02-27 13:49:38,106,133,73,78,52,94,102,45,117,41,86,100,101,109,65,70,119,46,100,132,86,122,113,102,46,51,46,51,50,99,132,50
2024-02-27 13:49:38,90,119,80,48,96,83,121,83,103,80,74,64,64,41,106,99,89,59,49,49,83,58,121,102,102,104,49,135,81,50,57,129
2024-02-27 13:49:38,46,75,62,127,135,135,98,52,90,53,90,91,105,120,53,98,98,90,75,90,53,90,75,90,46,53,83,97,54,90,105,98
2024-02-27 13:49:38,96,59,97,46,88,88,77,59,51,88,93,63,88,58,91,125,51,105,127,119,51,124,86,88,91,86,59,78,83,45,54,45
2024-02-27 13:49:38,93,85,82,85,46,65,101,93,84,95,104,57,95,85,95,127,102,87,127,59,55,102,56,103,95,49,64,93,96,57,57,127
2024-02-27 13:49:38,120,104,85,63,127,126,62,92,103,70,52,97,97,87,99,93,85,65,63,65,125,86,98,66,105,86,58,60,87,60,53,86
2024-02-27 13:49:38,68,56,102,72,99,94,72,107,90,72,99,89,73,102,92,122,87,93,61,58,121,73,127,90,90,90,127,94,91,75,71,100
2024-02-27 13:49:38,76,120,64,103,102,97,65,98,110,94,91,95,98,94,94,102,78,102,70,107,99,68,120,68,66,119,127,67,91,91,69,127
2024-02-27 13:49:38,121,93,98,73,93,110,79,107,119,75,96,105,119,106,103,78,91,78,99,119,82,101,90,102,98,77,106,89,127,78,119,100
2024-02-27 13:49:38,100,107,93,107,88,105,102,110,125,94,106,98,96,103,127,123,110,119,111,110,103,110,114,123,105,106,97,108,114,96,111,103
2024-02-27 13:49:38,116,124,115,115,99,124,113,116,120,123,115,109,117,111,123,121,117,113,109,116,114,106,119,118,114,111,113,114,127,112,118,118
2024-02-27 13:49:38,121,123,120,122,117,117,119,122,119,126,122,122,121,121,120,123,122,124,120,121,126,126,123,126,127,123,125,125,124,124,127,126
2024-02-27 13:49:38,129,130,130,127,128,131,131,133,129,127,128,130,130,131,130,133,133,130,131,131,132,130,128,128,137,134,132,133,132,138,132,136
2024-02-27 13:49:38,136,137,137,144,129,143,146,135,139,140,137,139,138,151,139,141,135,130,150,143,139,136,127,142,151,143,140,143,143,145,149,147
2024-02-27 13:49:38,141,162,162,127,151,147,143,127,148,131,153,157,149,144,143,135,152,163,150,141,161,131,154,133,135,127,152,167,167,166,135,169
2024-02-27 13:49:38,155,163,163,168,135,160,154,140,178,159,149,175,152,163,176,146,168,146,160,144,150,159,159,133,151,130,155,161,149,135,156,133
2024-02-27 13:49:38,187,154,135,159,150,159,143,134,187,175,135,188,162,188,131,159,176,159,188,181,148,135,176,169,156,127,127,173,176,161,131,144
2024-02-27 13:49:38,150,191,163,155,182,135,182,163,133,193,192,183,167,164,164,188,188,155,181,176,164,184,156,181,155,159,165,147,182,194,152,164
2024-02-27 13:49:38,130,149,190,149,152,152,182,149,161,163,190,168,156,158,161,152,192,168,155,197,158,158,195,191,133,168,156,168,162,185,151,162
2024-02-27 13:49:38,170,126,197,188,189,160,167,127,163,190,207,163,165,170,171,169,173,161,157,159,164,189,133,157,150,157,200,192,166,165,166,198
2024-02-27 13:49:38,196,162,166,163,190,160,155,176,207,154,198,161,161,163,161,204,203,201,208,134,163,134,153,134,199,127,160,158,163,192,135,205
2024-02-27 13:49:38,164,127,208,193,193,156,208,178,200,164,164,201,194,163,149,164,193,156,179,164,179,171,201,155,148,207,199,154,201,200,154,200
2024-02-27 13:49:38,205,160,127,196,213,199,144,148,166,158,205,143,182,124,206,142,206,212,198,198,171,198,142,150,119,212,155,158,155,155,197,127
2024-02-27 13:49:38,184,146,213,170,159,213,140,176,150,194,203,119,132,217,152,203,176,186,217,119,127,170,164,209,154,217,176,209,168,154,137,143
2024-02-27 13:49:38,219,203,120,185,177,120,184,127,183,147,192,139,169,170,122,153,169,183,130,197,214,137,119,180,129,177,119,130,220,195,207,145
2024-02-27 13:49:38,180,169,124,133,124,153,183,213,127,179,140,159,119,212,123,203,129,173,153,170,220,169,126,128,212,203,119,203,160,212,171,137
2024-02-27 13:49:38,170,125,128,119,127,203,162,161,133,124,153,178,126,116,161,177,132,160,135,177,123,176,174,176,176,126,176,122,182,130,153,212
2024-02-27 13:49:38,203,173,153,160,203,158,124,182,182,114,122,182,203,153,158,124,203,208,112,112,169,112,183,158,169,157,111,203,127,203,135,166
2024-02-27 13:49:38,167,127,167,110,216,209,135,103,167,168,184,170,176,184,160,135,171,152,108,135,184,152,203,208,170,122,203,184,171,107,176,216
2024-02-27 13:49:38,148,169,160,169,174,145,182,112,168,206,213,213,157,158,135,168,135,158,152,167,167,99,167,182,167,135,141,166,135,101,145,173
2024-02-27 13:49:38,137,143,144,137,152,143,106,143,126,127,150,135,165,98,135,91,142,208,164,105,157,179,134,105,105,156,178,149,127,200,193,134
2024-02-27 13:49:38,190,204,103,155,130,189,176,147,155,139,137,129,129,129,102,171,171,132,129,203,201,143,143,171,127,99,157,200,127,175,194,174
2024-02-27 13:49:38,172,127,132,129,159,133,100,198,167,157,170,192,157,157,156,195,119,131,127,154,119,119,132,94,195,170,180,190,165,164,133,99
2024-02-27 13:49:38,134,156,93,161,157,92,161,141,175,133,167,133,148,161,100,127,147,166,133,91,119,155,168,93,134,134,160,189,157,99,118,127
2024-02-27 13:49:38,147,185,100,162,165,87,100,165,90,161,127,161,95,165,103,167,116,151,87,116,166,132,132,174,179,121,148,146,124,154,150,147
2024-02-27 13:49:38,90,123,127,178,120,131,161,145,145,123,98,152,115,144,127,152,115,91,102,161,147,147,92,119,155,151,175,167,166,92,127,143
2024-02-27 13:49:38,127,121,148,144,153,155,148,130,96,138,106,122,126,150,135,97,122,130,130,159,167,122,135,150,152,130,140,152,96,148,130,99
2024-02-27 13:49:38,118,122,127,149,122,159,147,129,137,133,108,144,108,104,129,122,118,129,139,156,133,115,102,129,129,132,143,136,115,123,146,148
2024-02-27 13:49:38,145,128,137,133,114,131,129,126,133,119,142,137,142,127,127,113,122,142,124,117,121,122,122,117,140,135,138,132,119,136,127,121
2024-02-27 13:49:38,134,132,130,132,128,128,131,130,132,131,123,123,127,129,126,130,123,127,133,129,130,126,128,125,124,126,130,131,126,126,126,126
2024-02-27 13:49:38,129,126,130,126,126,127,128,127,125,126,129,126,126,126,132,122,124,126,127,130,133,131,126,128,126,125,120,135,119,121,120,123
2024-02-27 13:49:38,129,122,129,122,127,134,125,142,111,134,137,127,127,129,143,109,126,126,119,116,121,123,130,124,127,123,126,123,124,116,124,125
2024-02-27 13:49:38,108,121,121,123,151,121,134,124,131,118,131,121,118,118,144,122,114,127,131,127,107,131,111,125,121,136,150,121,103,127,143,125
2024-02-27 13:49:38,90,95,109,146,157,135,135,93,156,105,135,124,107,157,143,143,114,133,101,101,138,122,116,116,104,133,106,124,103,140,105,128
2024-02-27 13:49:38,111,96,123,139,146,95,88,111,135,127,135,127,155,131,163,110,147,107,123,147,86,117,109,77,148,123,123,119,118,92,118,163
2024-02-27 13:49:38,137,119,100,94,122,99,153,138,136,75,138,114,119,79,119,108,138,119,71,135,86,132,99,159,119,125,82,102,167,72,72,102
2024-02-27 13:49:38,94,97,122,136,155,94,65,169,127,71,105,129,163,80,122,113,135,106,169,63,65,64,162,97,161,64,120,105,126,128,127,101
2024-02-27 13:49:38,121,65,160,84,102,89,97,121,63,159,96,118,135,102,127,87,123,110,156,89,122,95,95,97,71,97,95,86,82,161,119,58
2024-02-27 13:49:38,54,67,56,119,56,127,81,93,154,115,126,53,52,115,120,110,120,93,51,97,153,135,92,125,93,114,121,151,83,78,151,157
2024-02-27 13:49:38,98,83,46,105,164,46,53,46,127,53,53,149,90,111,118,97,148,98,82,75,127,103,82,102,82,104,156,110,134,102,119,83
2024-02-27 13:49:38,96,55,87,96,55,105,88,143,40,40,144,97,88,52,88,72,119,127,154,101,142,54,131,87,156,87,155,102,142,108,133,127
2024-02-27 13:49:39,132,83,99,84,70,46,70,99,151,51,119,101,70,70,37,137,51,87,70,45,148,84,84,84,137,101,131,86,82,86,127,135
2024-02-27 13:49:39,44,77,44,131,84,97,131,38,88,83,43,38,145,101,38,145,85,95,84,89,130,45,84,77,51,85,84,89,129,132,43,45
2024-02-27 13:49:39,132,94,89,78,72,123,94,71,135,68,42,76,128,119,79,119,135,130,87,34,78,85,76,69,41,51,129,128,93,76,93,128
2024-02-27 13:49:39,85,126,84,73,42,65,127,127,64,129,42,44,81,73,68,92,75,34,42,95,42,79,92,93,135,71,79,96,113,79,34,101
2024-02-27 13:49:39,117,74,125,91,64,132,125,93,116,93,68,124,51,77,48,124,43,107,101,84,77,112,83,85,119,40,51,35,121,100,83,35
2024-02-27 13:49:39,78,127,117,78,84,94,86,51,52,133,105,84,135,52,52,132,67,65,102,67,119,78,64,102,70,103,127,78,84,51,54,115
2024-02-27 13:49:39,42,98,50,48,87,95,95,96,135,130,80,72,48,127,112,95,130,96,130,127,96,72,103,56,52,99,74,96,43,73,50,63
2024-02-27 13:49:39,90,53,92,90,75,45,53,135,54,53,53,90,90,127,53,46,127,105,54,53,53,90,46,75,105,98,97,105,46,53,54,46
2024-02-27 13:49:39,59,83,127,101,95,91,120,53,53,78,127,92,50,85,83,119,99,91,79,88,119,53,59,132,120,52,78,51,54,86,131,60
2024-02-27 13:49:39,63,101,80,46,129,87,50,129,93,59,93,102,83,93,56,49,127,85,128,93,81,47,57,94,65,50,50,119,90,85,56,66
2024-02-27 13:49:39,97,85,87,98,93,126,57,96,85,87,65,119,93,87,71,63,91,88,96,85,96,94,55,97,85,97,86,56,67,91,94,98
2024-02-27 13:49:39,65,72,89,89,89,69,127,89,87,90,70,90,93,90,87,119,103,100,119,122,79,127,90,67,72,61,67,119,101,127,121,127
2024-02-27 13:49:39,101,64,101,63,80,85,90,103,65,98,65,110,86,91,66,74,78,98,119,99,95,103,95,99,71,68,111,80,111,119,104,67
2024-02-27 13:49:39,121,93,78,105,105,98,85,127,99,75,99,105,88,95,81,89,91,95,95,93,100,96,124,121,106,96,103,119,89,119,115,101
2024-02-27 13:49:39,107,122,105,93,119,86,93,119,111,86,119,122,98,108,99,121,88,88,102,125,105,94,91,127,89,109,97,119,94,123,91,104
2024-02-27 13:49:39,107,114,102,111,110,124,122,117,124,122,115,126,114,116,122,113,122,119,126,110,108,116,127,119,118,104,108,112,117,118,113,108
2024-02-27 13:49:39,126,124,118,124,122,121,117,121,123,127,122,123,123,123,121,123,125,124,123,126,124,124,121,123,127,126,124,123,123,123,127,126
2024-02-27 13:49:39,130,128,130,129,130,130,128,131,131,128,128,130,130,132,133,131,132,131,131,131,130,129,131,128,132,128,128,132,134,138,137,131
2024-02-27 13:49:39,127,144,148,131,135,138,148,132,141,137,143,148,135,138,142,141,140,132,139,127,152,145,142,142,141,139,137,140,144,127,147,143
2024-02-27 13:49:39,163,144,140,149,152,129,146,144,148,162,144,148,144,152,139,147,152,144,143,159,167,144,165,148,146,132,150,144,145,145,151,168
2024-02-27 13:49:39,154,139,154,168,135,158,171,154,152,159,143,145,169,162,140,148,140,159,135,165,135,140,155,135,155,151,164,175,167,156,176,135
2024-02-27 13:49:39,173,173,166,151,143,150,131,131,188,179,151,135,163,188,135,160,147,147,135,147,163,176,131,159,156,156,151,190,176,177,176,134
2024-02-27 13:49:39,194,154,160,160,133,155,181,160,164,180,182,164,164,167,132,127,135,167,180,167,184,193,155,155,152,132,176,152,165,189,185,185
2024-02-27 13:49:39,201,167,127,134,165,164,156,182,163,156,169,201,165,168,201,129,149,163,166,188,168,192,167,161,152,127,168,192,186,151,168,135
2024-02-27 13:49:39,160,194,188,160,161,203,133,189,173,132,173,189,158,163,188,170,170,161,167,195,169,167,135,170,133,152,163,161,151,133,125,170
2024-02-27 13:49:39,161,162,196,196,204,209,203,154,195,168,135,171,209,155,155,207,196,207,164,177,162,163,163,122,176,129,134,209,205,127,121,169
2024-02-27 13:49:39,164,164,164,200,178,178,201,164,157,149,120,208,164,164,208,164,193,178,171,120,156,127,156,208,156,200,157,164,200,164,156,200
2024-02-27 13:49:39,119,161,196,165,160,210,151,211,205,212,166,180,155,196,211,205,119,124,174,174,213,159,190,202,142,127,150,166,135,180,197,142
2024-02-27 13:49:39,142,195,132,127,147,159,204,139,216,135,170,203,154,154,217,146,184,199,213,213,135,170,186,131,176,168,209,186,138,152,131,138
2024-02-27 13:49:39,133,171,127,185,130,190,121,164,180,214,121,182,127,164,177,134,135,177,160,120,160,130,180,214,141,186,191,191,127,197,133,169
2024-02-27 13:49:39,130,186,128,192,176,125,170,184,175,127,124,175,133,184,153,203,153,159,127,131,220,170,129,178,139,203,186,182,181,128,135,172
2024-02-27 13:49:39,153,178,126,178,161,203,126,213,126,134,179,176,170,177,135,213,135,213,170,178,214,174,127,163,183,129,174,176,203,165,177,180
2024-02-27 13:49:39,127,153,178,211,125,186,123,122,216,110,160,173,177,122,160,177,176,219,211,116,175,175,219,169,172,120,127,135,165,132,177,124
2024-02-27 13:49:39,111,177,218,177,154,160,206,161,156,121,170,119,205,167,123,118,168,170,159,135,118,158,127,166,135,103,184,155,166,122,127,203
2024-02-27 13:49:39,101,215,161,201,153,183,113,135,112,152,171,167,98,174,202,98,112,123,159,200,111,111,155,182,144,112,182,99,167,152,155,213
2024-02-27 13:49:39,126,211,156,210,120,153,180,210,156,126,195,180,151,164,142,157,201,135,106,142,91,208,171,208,201,127,149,91,105,208,120,142
2024-02-27 13:49:39,134,129,190,129,96,176,119,190,197,133,197,157,134,204,129,196,87,160,202,129,97,203,175,168,139,141,130,87,138,154,142,160
2024-02-27 13:49:39,130,192,100,145,127,192,139,144,172,138,96,123,144,171,123,159,159,133,127,152,165,170,154,98,95,122,152,85,135,157,132,189
2024-02-27 13:49:39,134,191,191,92,133,156,133,184,100,126,126,161,85,191,119,99,85,148,91,174,118,118,190,127,101,118,119,99,93,124,160,179
2024-02-27 13:49:39,119,103,182,120,87,120,165,156,119,119,100,184,116,161,155,146,167,148,167,151,174,168,140,124,166,155,163,160,132,96,154,121
2024-02-27 13:49:39,169,106,173,136,131,116,172,127,127,136,161,115,143,136,151,127,136,116,127,151,151,127,158,120,159,91,119,174,154,146,151,146
2024-02-27 13:49:39,135,132,96,116,152,134,167,135,151,103,135,119,111,119,131,147,114,146,122,104,161,96,107,157,139,130,131,131,112,159,130,123
2024-02-27 13:49:39,137,108,158,118,127,137,139,111,119,133,133,123,129,133,136,142,155,120,142,149,110,117,119,136,141,107,107,149,104,137,113,123
2024-02-27 13:49:39,127,121,126,117,115,128,143,124,124,131,133,126,130,135,136,121,136,136,143,128,128,123,129,130,127,125,133,138,130,125,121,123
2024-02-27 13:49:39,129,129,128,124,133,134,127,131,124,130,125,130,130,129,126,126,126,129,124,128,125,128,127,128,129,127,128,126,125,128,127,127
2024-02-27 13:49:39,127,127,126,123,129,123,125,130,129,127,128,123,125,126,130,129,129,122,124,123,122,124,123,121,123,123,130,130,130,125,133,124
2024-02-27 13:49:39,118,140,111,140,134,122,138,132,138,126,124,138,126,117,118,130,118,127,117,135,117,109,127,111,140,125,130,136,122,120,126,133
2024-02-27 13:49:39,127,99,118,121,108,127,122,111,135,104,139,111,145,125,131,100,111,117,125,100,109,117,122,129,125,112,117,114,127,98,116,132
2024-02-27 13:49:39,137,127,147,119,127,140,132,120,137,124,159,116,114,132,119,91,90,158,124,104,127,107,124,127,89,140,124,149,89,98,84,140
2024-02-27 13:49:39,79,127,119,83,163,110,119,102,163,135,135,135,147,94,111,134,163,85,127,123,93,92,131,127,134,123,93,131,117,76,109,97
2024-02-27 13:49:39,127,166,164,116,166,164,75,154,99,93,113,151,135,159,167,102,86,83,130,83,135,137,105,122,69,132,72,152,132,101,107,99
2024-02-27 13:49:39,163,128,120,87,155,102,80,66,107,80,64,127,107,99,86,129,93,97,101,106,72,120,71,101,87,135,161,98,97,98,69,98
2024-02-27 13:49:39,122,160,64,124,132,89,96,132,83,155,89,97,59,154,84,72,87,72,135,89,71,169,86,156,89,122,83,109,71,121,127,117
2024-02-27 13:49:39,160,54,120,86,155,122,114,97,94,99,135,115,127,93,113,122,97,110,159,127,93,154,120,83,117,93,115,121,125,79,97,152
2024-02-27 13:49:39,149,54,90,46,149,156,90,90,76,157,149,98,76,53,156,104,90,75,149,134,119,53,75,97,60,134,83,147,90,147,90,128
2024-02-27 13:49:39,87,129,144,133,133,52,98,87,73,144,133,119,80,41,96,105,155,86,144,49,72,88,99,104,157,133,86,102,142,133,127,40
2024-02-27 13:49:39,87,38,100,132,139,51,90,127,78,70,38,119,132,119,51,97,101,89,151,137,131,100,45,149,127,86,94,133,84,150,78,82
2024-02-27 13:49:39,121,69,140,51,94,134,84,44,130,69,51,80,51,84,94,80,83,101,85,80,38,134,88,68,141,130,141,119,84,94,84,129
2024-02-27 13:49:39,134,79,127,51,127,73,130,95,85,73,34,81,73,127,34,101,72,76,135,91,89,139,130,71,42,119,43,74,75,128,79,43
2024-02-27 13:49:39,67,118,76,126,34,127,42,101,85,43,66,134,77,73,124,124,41,119,94,85,81,123,51,72,125,127,41,68,101,114,114,84
2024-02-27 13:49:39,101,127,97,76,60,119,127,91,125,76,125,122,101,119,72,72,132,74,58,117,74,58,101,48,91,99,101,93,40,94,107,115
2024-02-27 13:49:39,107,107,51,58,84,133,51,85,51,118,100,119,102,68,73,68,119,117,86,109,133,45,90,100,105,86,101,132,100,41,67,51
2024-02-27 13:49:39,100,100,87,97,52,42,83,65,88,99,88,119,57,99,106,127,99,57,97,90,48,135,49,89,88,41,41,96,135,102,49,135
2024-02-27 13:49:39,100,92,92,92,47,83,135,120,47,105,120,90,60,53,54,54,61,97,98,53,105,98,98,90,134,105,53,127,46,134,120,97
2024-02-27 13:49:39,105,59,127,62,91,54,94,78,92,53,105,56,133,63,133,99,50,77,51,85,51,63,53,53,92,78,58,78,91,83,91,63
2024-02-27 13:49:39,88,95,95,123,121,93,84,80,121,54,57,82,54,48,122,57,83,121,47,50,49,95,96,103,121,122,58,94,81,121,50,60
2024-02-27 13:49:39,86,98,95,84,84,85,119,119,68,92,93,70,50,98,51,86,87,59,70,87,85,85,88,88,121,91,98,86,100,89,69,64
2024-02-27 13:49:39,56,76,102,122,102,99,102,102,122,57,92,119,87,77,98,87,78,60,73,107,58,71,90,71,90,92,119,96,88,121,100,100
2024-02-27 13:49:39,64,120,127,120,94,101,119,77,93,77,63,93,110,67,89,102,78,73,127,94,110,90,65,67,103,66,65,75,71,79,92,120
2024-02-27 13:49:39,123,99,85,104,84,121,107,94,93,113,106,98,85,85,99,121,105,104,114,103,105,119,84,81,103,100,95,81,102,76,121,90
2024-02-27 13:49:39,84,84,84,98,89,86,104,94,110,102,85,110,106,108,110,95,119,125,113,109,127,123,113,110,105,96,104,110,120,118,110,109
2024-02-27 13:49:39,104,114,108,110,110,112,121,105,99,116,127,121,116,116,111,108,108,115,109,111,114,112,104,120,117,114,123,119,123,112,117,117
2024-02-27 13:49:39,123,123,117,121,127,118,125,120,124,121,121,122,118,126,122,118,118,120,123,126,127,121,123,127,127,122,124,122,123,123,127,125
2024-02-27 13:49:39,128,128,128,128,128,128,130,131,130,128,129,128,130,129,132,130,130,130,131,131,129,128,130,131,131,127,130,132,132,133,131,132
2024-02-27 13:49:39,138,131,146,139,142,131,130,140,131,144,136,135,135,132,139,132,137,143,139,140,131,128,134,149,143,134,143,134,137,145,131,140
2024-02-27 13:49:39,153,145,143,143,159,147,159,160,138,127,162,152,159,143,163,127,155,151,156,131,133,166,153,166,167,144,151,159,148,158,149,145
2024-02-27 13:49:39,130,135,155,176,153,135,166,154,150,169,153,175,145,167,130,127,157,154,167,165,179,150,178,158,180,179,148,151,148,135,181,144
2024-02-27 13:49:39,158,187,147,163,154,134,135,187,135,135,158,186,147,175,163,152,131,164,180,164,163,148,173,169,160,169,131,177,181,165,160,134
2024-02-27 13:49:39,173,163,135,146,194,166,153,154,166,127,133,195,154,133,193,180,196,151,175,154,196,147,189,167,132,152,197,147,185,164,155,189
2024-02-27 13:49:39,193,160,157,163,169,184,168,201,167,156,127,182,168,134,163,129,194,160,188,133,129,166,168,203,155,129,189,163,167,193,191,127
2024-02-27 13:49:39,188,164,188,135,157,188,169,197,173,167,173,169,189,205,135,173,195,190,161,164,205,197,157,195,159,166,191,199,165,159,159,170
2024-02-27 13:49:39,134,163,203,163,135,154,130,161,166,209,209,130,127,196,191,149,203,169,161,127,154,149,169,161,155,157,135,191,201,152,158,155
2024-02-27 13:49:39,193,157,134,200,164,201,134,127,164,193,208,200,157,127,134,164,208,201,134,164,209,157,172,208,179,163,194,179,157,155,162,209
2024-02-27 13:49:39,156,135,197,127,207,160,158,202,158,158,213,166,180,119,165,127,197,174,148,206,197,195,148,133,182,155,150,180,182,174,212,155
2024-02-27 13:49:39,171,171,216,167,176,142,147,146,203,200,216,184,132,132,146,160,189,122,194,154,208,160,194,164,119,198,213,184,160,164,135,187
2024-02-27 13:49:39,160,184,204,171,183,199,184,169,198,120,148,203,169,147,177,182,160,153,142,133,203,169,191,138,130,188,190,137,186,170,211,122
2024-02-27 13:49:39,133,175,185,170,128,213,141,203,162,135,130,130,220,127,161,176,179,159,159,176,127,186,162,169,130,119,220,129,161,162,127,119
2024-02-27 13:49:39,186,135,161,212,161,177,220,127,177,153,127,212,212,177,127,212,126,184,119,116,220,160,220,176,177,176,129,119,174,114,125,125
2024-02-27 13:49:39,178,209,170,220,169,119,159,135,153,182,118,175,118,186,127,121,219,153,160,175,161,165,172,166,127,164,177,208,171,183,121,166
2024-02-27 13:49:39,161,107,161,160,156,105,154,160,167,167,176,160,111,104,111,167,217,123,170,167,209,170,105,117,184,216,184,135,176,121,165,122
2024-02-27 13:49:39,123,153,171,161,215,155,160,183,104,99,135,183,175,183,206,135,145,167,167,183,99,200,127,111,155,135,100,147,158,149,103,174
2024-02-27 13:49:39,153,153,107,139,196,180,92,107,165,180,150,165,106,143,98,99,150,106,98,172,142,201,127,171,134,136,142,98,179,150,156,179
2024-02-27 13:49:39,162,162,200,127,97,89,171,163,131,198,177,96,119,103,129,161,145,133,205,145,176,144,119,129,95,137,199,160,127,199,129,199
2024-02-27 13:49:39,200,157,137,157,85,153,85,94,136,166,157,157,196,135,153,183,196,169,194,183,127,136,119,159,127,153,93,157,93,127,127,167
2024-02-27 13:49:39,129,142,187,129,193,85,126,93,133,134,156,162,120,119,92,93,157,127,150,134,134,149,185,134,85,127,184,128,92,85,93,91
2024-02-27 13:49:39,131,159,171,127,159,166,140,163,125,94,158,135,117,94,163,117,132,186,120,90,163,120,100,127,149,103,177,155,176,148,122,161
2024-02-27 13:49:39,149,89,154,90,172,90,163,127,179,123,175,135,171,90,170,137,148,116,102,174,153,127,145,170,106,178,127,90,123,145,115,131
2024-02-27 13:49:39,109,153,153,135,116,114,123,114,94,135,123,133,140,95,110,152,154,121,149,94,110,96,169,105,153,164,154,160,140,116,152,127
2024-02-27 13:49:39,106,119,98,157,127,143,134,161,126,129,148,145,148,134,147,147,119,137,147,144,142,132,115,132,158,129,157,119,129,129,146,133
2024-02-27 13:49:39,117,127,129,118,136,145,140,121,149,108,144,126,131,127,129,124,129,130,141,109,138,133,121,127,134,134,118,142,122,137,134,137
2024-02-27 13:49:39,124,128,124,136,130,125,124,130,124,126,127,131,120,130,130,125,128,135,130,123,130,131,128,130,132,125,125,125,125,129,128,127
2024-02-27 13:49:39,127,127,127,127,127,127,127,127,127,127,126,126,126,127,127,124,127,125,129,126,127,127,124,126,128,128,123,128,128,130,128,124
2024-02-27 13:49:39,123,125,123,128,127,123,134,126,132,125,138,131,135,131,129,134,119,125,128,127,116,127,136,132,133,126,118,126,118,141,126,124
2024-02-27 13:49:39,129,134,122,131,122,103,108,117,123,121,119,121,123,123,134,135,100,141,108,100,131,108,121,105,135,131,127,128,125,149,139,122
2024-02-27 13:49:39,137,96,129,124,115,108,157,108,115,115,146,135,114,107,140,119,112,105,147,127,117,147,147,111,119,147,114,114,101,101,116,100
2024-02-27 13:49:39,150,128,150,96,98,162,138,161,100,120,120,161,138,139,107,163,123,134,95,123,151,95,83,103,98,102,94,107,102,82,98,98
2024-02-27 13:49:39,149,88,73,88,134,121,138,81,164,164,122,164,80,166,125,86,130,100,127,122,135,87,164,108,119,135,135,107,86,135,98,154
2024-02-27 13:49:39,121,106,98,77,109,153,127,169,136,98,135,87,122,136,67,122,153,94,130,98,96,113,64,99,121,94,107,129,86,120,120,121
2024-02-27 13:49:39,169,103,127,61,91,99,169,135,85,111,155,111,90,155,161,155,127,102,169,65,118,124,89,84,135,122,127,89,88,83,169,161
2024-02-27 13:49:39,57,116,95,94,127,127,160,53,95,157,68,82,100,168,86,52,94,120,153,112,155,58,127,122,99,115,152,56,115,52,78,55
2024-02-27 13:49:39,62,127,122,48,114,91,120,91,105,54,121,106,120,90,127,46,149,120,83,157,120,157,156,113,53,54,90,105,105,60,46,53
2024-02-27 13:49:39,98,100,134,42,108,103,160,103,73,73,96,96,52,134,119,145,113,98,102,56,105,133,41,97,98,111,105,143,155,127,105,105
2024-02-27 13:49:39,153,148,39,99,79,83,83,132,132,46,119,84,148,83,100,95,127,103,103,147,132,139,152,70,46,84,87,51,46,146,119,151
2024-02-27 13:49:40,37,84,142,36,92,120,98,51,97,36,36,95,38,130,84,94,121,47,143,81,140,84,44,85,97,43,80,80,130,51,130,89
2024-02-27 13:49:40,90,75,135,101,78,68,42,134,90,79,90,130,101,81,68,132,119,101,84,140,94,77,94,101,42,125,68,94,85,129,122,128
2024-02-27 13:49:40,76,93,51,42,127,68,119,136,127,51,76,42,93,76,75,34,76,134,85,68,66,73,73,68,75,65,41,34,78,34,125,101
2024-02-27 13:49:40,93,119,43,119,80,127,60,91,97,84,97,110,51,131,74,98,76,98,43,93,84,81,122,35,117,40,85,127,135,101,135,124
2024-02-27 13:49:40,59,69,86,127,59,44,44,51,62,62,123,44,94,62,102,45,61,53,117,90,94,61,78,123,117,52,102,117,119,100,86,90
2024-02-27 13:49:40,50,100,131,47,42,119,71,49,131,39,71,100,105,79,61,40,40,99,99,48,74,56,135,131,104,104,112,52,64,64,83,99
2024-02-27 13:49:40,47,97,127,92,120,81,90,47,89,107,46,45,54,120,120,120,97,105,45,55,99,128,75,82,91,90,98,127,90,46,120,53
2024-02-27 13:49:40,55,105,53,89,55,90,84,62,99,133,46,119,77,77,85,120,91,46,77,91,125,52,46,51,92,63,125,132,119,46,125,97
2024-02-27 13:49:40,87,97,79,57,79,104,53,92,65,92,101,53,120,62,93,57,91,93,88,123,85,129,96,65,82,95,51,89,93,89,87,122
2024-02-27 13:49:40,61,103,61,121,121,119,93,83,58,103,95,92,93,119,52,86,126,92,84,86,119,86,53,85,52,127,103,52,58,93,51,85
2024-02-27 13:49:40,94,98,54,98,57,101,88,98,119,102,55,88,106,55,88,102,71,94,119,64,90,57,89,72,99,122,127,70,99,90,73,57
2024-02-27 13:49:40,88,61,70,70,93,120,94,83,83,92,96,101,63,93,97,106,89,84,94,76,120,119,80,89,89,76,78,73,110,65,78,78
2024-02-27 13:49:40,82,75,113,84,113,99,98,93,106,83,93,95,86,105,121,100,119,105,119,119,98,119,105,99,94,94,108,95,111,124,106,119
2024-02-27 13:49:40,97,104,113,98,101,111,104,120,104,102,107,124,89,111,97,107,117,104,127,109,120,104,127,101,121,110,86,106,106,113,113,104
2024-02-27 13:49:40,109,116,122,97,122,107,116,113,127,102,113,112,115,117,115,103,119,103,113,112,114,112,111,118,124,116,118,118,110,112,123,116
2024-02-27 13:49:40,119,119,118,127,118,120,117,124,120,117,121,120,123,116,121,116,119,122,121,121,124,119,122,127,117,117,122,119,125,121,122,125
2024-02-27 13:49:40,127,127,127,127,127,127,127,127,127,127,128,127,128,128,127,128,128,128,128,128,129,127,129,128,129,130,130,128,127,129,133,132
2024-02-27 13:49:40,139,133,134,139,144,145,140,141,140,141,139,133,134,131,135,139,137,142,137,148,141,141,139,146,128,140,135,149,127,128,137,140
2024-02-27 13:49:40,138,127,146,151,155,140,138,143,138,160,155,149,147,140,160,146,160,145,163,158,135,153,139,150,159,163,144,141,146,151,133,151
2024-02-27 13:49:40,154,175,150,142,176,157,149,127,150,148,145,135,164,153,176,146,146,135,159,148,157,130,151,140,150,133,155,160,179,151,181,158
2024-02-27 13:49:40,162,163,186,159,131,158,134,159,159,143,151,135,174,151,172,143,172,131,156,147,152,163,176,190,144,144,156,131,177,156,176,148
2024-02-27 13:49:40,150,182,135,135,150,178,186,183,155,133,160,160,152,154,164,159,127,193,181,193,135,165,152,147,184,132,184,135,127,182,197,162
2024-02-27 13:49:40,196,181,193,156,149,160,190,157,201,149,194,189,166,196,149,155,133,190,169,192,191,168,135,150,169,127,192,134,161,167,134,163
2024-02-27 13:49:40,188,160,151,172,164,188,151,173,170,127,152,151,167,173,163,207,169,198,126,207,133,161,169,161,159,133,171,125,157,151,158,165
2024-02-27 13:49:40,190,204,130,160,203,157,168,207,176,134,157,163,196,130,167,171,203,198,130,134,162,171,209,127,134,134,167,204,169,191,157,195
2024-02-27 13:49:40,194,134,164,200,149,207,208,201,127,156,164,164,164,164,201,157,208,149,179,208,134,171,171,157,149,193,193,149,179,200,164,163
2024-02-27 13:49:40,125,125,164,125,173,204,166,127,207,155,133,124,135,205,155,205,166,206,202,213,166,205,166,157,142,206,198,198,133,204,167,133
2024-02-27 13:49:40,176,119,147,208,187,139,171,184,146,176,176,138,208,119,203,203,176,184,194,176,199,208,168,160,145,119,170,170,168,131,213,202
2024-02-27 13:49:40,171,199,190,214,194,130,143,155,193,153,160,121,127,121,205,219,122,155,205,142,219,153,180,135,120,211,191,130,153,163,137,196
2024-02-27 13:49:40,133,178,130,128,170,135,185,169,141,162,153,124,119,128,127,183,179,203,176,179,178,191,170,131,180,135,139,135,212,130,212,213
2024-02-27 13:49:40,127,177,161,178,127,186,178,125,161,212,178,170,220,128,135,160,170,175,153,203,179,175,176,175,115,214,135,135,129,220,186,180
2024-02-27 13:49:40,220,116,123,186,131,170,119,220,126,135,160,153,203,160,169,132,122,158,153,135,177,135,124,161,121,216,127,211,182,211,121,135
2024-02-27 13:49:40,123,167,210,206,177,154,185,154,156,111,118,107,170,123,167,205,135,154,123,155,168,176,121,176,167,103,109,152,103,154,122,184
2024-02-27 13:49:40,183,161,183,153,167,135,153,100,183,167,203,155,121,145,100,98,171,135,200,182,121,183,135,158,159,174,214,214,96,213,146,199
2024-02-27 13:49:40,126,143,201,165,143,195,179,151,209,210,156,150,165,120,98,106,136,91,142,98,201,208,208,156,164,142,208,208,208,105,105,208
2024-02-27 13:49:40,176,161,162,169,138,157,144,144,204,119,133,176,101,100,119,169,199,100,100,199,87,173,160,188,171,146,198,173,130,171,138,146
2024-02-27 13:49:40,131,137,145,133,137,170,159,129,170,127,100,132,168,127,193,157,119,98,159,195,159,93,85,191,170,85,170,137,195,130,152,170
2024-02-27 13:49:40,156,127,85,192,191,157,93,160,184,92,85,153,93,150,127,134,189,167,134,85,153,119,141,149,190,183,158,134,149,134,149,179
2024-02-27 13:49:40,122,163,94,170,130,170,90,157,139,130,127,157,119,120,161,152,151,165,176,176,135,132,175,135,129,155,100,129,183,179,132,151
2024-02-27 13:49:40,153,127,153,174,90,162,127,90,145,106,127,116,161,156,98,173,116,152,148,120,161,144,144,98,115,147,131,147,135,136,155,103
2024-02-27 13:49:40,114,101,156,126,141,133,95,121,165,141,165,165,130,141,132,148,168,168,126,114,111,122,121,119,126,125,126,121,143,126,104,158
2024-02-27 13:49:40,114,103,149,144,127,115,103,139,137,115,137,127,104,123,147,115,105,125,139,119,129,106,136,112,136,145,142,140,154,123,120,133
2024-02-27 13:49:40,135,135,140,114,124,133,132,147,130,137,130,127,136,128,137,122,117,133,133,145,135,130,128,126,132,136,112,140,137,128,137,125
2024-02-27 13:49:40,133,128,132,133,124,128,130,127,125,130,130,125,128,128,129,131,128,124,123,129,126,125,125,126,128,124,125,128,126,127,128,128
2024-02-27 13:49:40,123,129,128,125,129,128,125,127,122,127,129,123,126,128,129,123,124,126,126,123,130,123,131,126,126,130,132,128,123,127,128,125
2024-02-27 13:49:40,113,127,114,111,132,126,134,120,138,128,143,141,118,124,130,117,128,130,118,116,135,125,109,130,125,133,144,125,133,122,108,139
2024-02-27 13:49:40,149,111,98,131,118,131,111,100,117,115,131,96,96,122,107,139,140,140,136,116,114,111,136,135,144,101,113,124,105,113,116,111
2024-02-27 13:49:40,128,114,123,119,106,119,128,99,90,122,151,138,102,144,103,144,103,132,149,123,132,127,114,140,119,138,104,99,83,102,162,123
2024-02-27 13:49:40,135,163,134,118,131,82,118,148,98,164,102,123,134,109,106,148,106,110,106,123,138,134,90,126,96,134,134,131,131,135,82,157
2024-02-27 13:49:40,132,154,119,154,98,103,86,107,159,137,85,69,122,107,121,152,122,89,168,121,152,133,127,160,67,129,129,98,152,110,131,67
2024-02-27 13:49:40,86,135,79,121,127,93,78,121,127,135,101,98,120,86,86,93,105,93,119,77,169,126,92,161,169,134,91,100,76,85,61,134
2024-02-27 13:49:40,97,122,122,82,61,169,121,117,85,122,95,101,154,135,156,160,120,160,135,156,120,129,94,61,156,154,156,94,160,157,116,113
2024-02-27 13:49:40,50,152,120,117,65,51,55,97,83,152,93,50,49,64,84,91,135,108,48,135,98,120,92,157,92,150,151,62,120,151,48,165
2024-02-27 13:49:40,89,74,119,148,128,148,162,127,98,162,102,52,162,44,119,53,81,98,119,53,43,115,42,88,103,43,99,145,134,42,155,155
2024-02-27 13:49:40,83,106,156,142,142,94,87,71,150,95,94,71,101,153,79,127,95,93,39,47,92,100,39,79,87,106,84,38,104,153,104,99
2024-02-27 13:49:40,49,78,100,136,136,100,100,51,133,36,37,36,37,96,119,48,44,148,36,85,51,38,36,87,85,134,35,85,97,127,144,80
2024-02-27 13:49:40,34,85,68,43,129,76,76,84,44,123,73,131,86,135,85,101,68,73,93,85,73,39,84,141,44,74,76,94,76,40,93,93
2024-02-27 13:49:40,76,85,119,136,77,77,127,85,136,93,127,93,76,42,127,127,136,68,42,93,127,42,76,85,68,127,68,67,76,85,127,93
2024-02-27 13:49:40,78,121,101,78,120,68,76,85,76,42,84,127,84,78,101,127,34,74,125,46,119,85,43,84,85,97,68,97,74,135,127,59
2024-02-27 13:49:40,50,40,119,127,119,71,120,69,100,113,90,74,74,44,51,134,69,44,84,127,123,69,44,118,69,54,54,84,53,111,133,90
2024-02-27 13:49:40,51,70,67,67,50,87,101,55,90,90,135,127,66,90,79,95,135,135,110,66,51,127,113,56,83,97,71,95,121,65,65,42
2024-02-27 13:49:40,104,119,88,90,94,110,127,55,98,42,81,63,50,89,44,90,83,98,127,43,96,74,127,53,90,53,119,51,62,119,105,100
2024-02-27 13:49:40,53,90,90,105,105,98,54,53,97,90,120,46,91,55,126,60,46,90,47,97,77,89,46,89,134,84,45,46,77,56,91,102
2024-02-27 13:49:40,94,56,127,64,53,91,54,52,94,64,92,54,104,46,47,104,81,57,53,127,55,79,53,57,119,88,62,55,46,56,57,57
2024-02-27 13:49:40,91,67,119,57,91,85,87,103,97,103,95,87,127,91,86,62,60,67,49,58,50,97,91,97,92,60,68,63,93,96,104,87
2024-02-27 13:49:40,68,87,88,87,87,91,98,94,98,88,88,106,87,59,67,59,127,86,119,90,64,122,89,56,91,76,89,57,99,122,87,127
2024-02-27 13:49:40,104,81,122,92,90,81,73,105,93,102,93,65,63,90,93,93,71,71,94,123,77,93,127,101,103,89,72,63,106,120,90,120
2024-02-27 13:49:40,92,103,100,112,96,120,108,119,108,78,105,104,100,104,70,113,91,119,106,71,92,119,95,104,74,102,74,105,102,84,86,94
2024-02-27 13:49:40,98,120,127,127,112,102,100,115,112,108,81,81,80,102,98,108,119,104,119,105,93,108,120,100,84,91,127,127,93,112,120,107
2024-02-27 13:49:40,95,109,97,120,97,125,112,108,95,95,108,116,104,109,122,107,111,116,111,117,127,124,125,104,110,115,105,99,113,108,116,114
2024-02-27 13:49:40,123,114,118,109,116,109,121,117,113,121,124,119,114,118,120,119,122,114,122,120,114,116,121,121,120,118,121,117,116,123,126,118
2024-02-27 13:49:40,126,126,126,125,126,126,127,127,127,127,127,127,127,127,127,127,127,127,127,127,127,127,127,127,127,129,128,128,128,127,128,130
2024-02-27 13:49:40,134,135,131,133,139,135,130,140,132,130,131,140,136,136,131,135,133,137,128,131,132,128,136,146,132,130,133,130,145,136,148,141
2024-02-27 13:49:40,140,144,143,147,150,143,127,127,140,158,144,133,150,127,132,132,131,137,159,132,147,138,146,142,139,134,148,141,141,159,141,148
2024-02-27 13:49:40,127,170,163,127,168,143,163,134,159,156,172,159,145,143,151,158,147,157,130,134,135,134,149,145,146,175,154,127,145,175,154,166
2024-02-27 13:49:40,141,133,153,174,147,180,127,155,135,127,150,161,175,167,134,148,150,135,150,150,135,157,158,154,134,165,154,165,162,185,135,173
2024-02-27 13:49:40,174,157,161,160,152,160,161,134,179,191,153,188,188,127,135,193,149,184,134,145,157,180,134,193,192,165,182,152,163,194,191,135
2024-02-27 13:49:40,190,135,182,190,186,157,183,168,152,127,199,167,159,168,184,188,167,163,198,168,130,157,160,149,130,134,164,165,160,163,194,201
2024-02-27 13:49:40,156,128,168,159,151,156,157,159,169,169,161,161,203,203,206,167,133,151,203,157,204,126,198,167,161,133,160,126,151,189,163,194
2024-02-27 13:49:40,135,150,127,131,134,173,150,199,127,171,167,123,153,153,204,153,150,160,162,135,156,202,135,127,131,135,156,196,134,168,207,167
2024-02-27 13:49:40,166,177,152,129,176,198,149,194,194,164,151,171,156,201,170,128,151,207,134,158,134,207,157,208,127,201,127,157,178,178,201,134
2024-02-27 13:49:40,156,135,157,164,164,208,147,173,164,165,126,157,119,154,134,164,203,202,158,152,202,145,125,173,202,156,160,202,125,211,191,199
2024-02-27 13:49:40,135,180,214,133,180,212,175,215,155,175,193,202,166,215,196,155,212,183,167,213,156,167,154,148,148,159,184,216,200,142,203,119
2024-02-27 13:49:40,218,143,185,196,218,147,168,168,120,153,160,154,185,184,127,204,185,160,127,127,145,127,199,210,203,183,154,183,170,193,182,214
2024-02-27 13:49:40,163,123,213,174,170,207,180,153,170,176,119,135,142,192,169,153,153,175,124,185,203,124,175,184,186,180,153,213,179,161,179,170
2024-02-27 13:49:40,127,153,170,136,178,212,127,127,186,126,177,178,169,177,178,126,117,176,125,179,134,125,186,212,161,179,126,133,203,220,212,177
2024-02-27 13:49:40,176,211,119,178,178,117,215,209,161,153,211,175,177,161,170,161,131,125,182,127,211,219,132,117,135,117,172,135,169,120,211,158
2024-02-27 13:49:40,106,108,106,185,162,127,158,170,206,177,168,170,134,168,170,209,168,160,172,123,209,104,184,155,167,104,156,117,103,154,135,155
2024-02-27 13:49:40,114,100,123,100,114,162,154,153,215,155,161,123,207,153,201,169,167,169,127,121,121,135,171,182,200,112,98,202,159,158,135,152
2024-02-27 13:49:40,135,166,211,135,154,165,135,151,151,180,127,139,135,107,153,201,172,126,157,152,143,164,156,151,179,106,136,142,209,143,142,150
2024-02-27 13:49:40,132,177,199,96,177,148,134,204,140,190,162,148,198,119,205,97,129,157,190,133,161,157,134,137,147,162,133,137,132,100,176,203
2024-02-27 13:49:40,97,134,173,134,94,125,173,157,85,197,131,98,98,192,195,170,153,172,198,169,172,119,183,100,157,123,100,182,165,192,119,192
2024-02-27 13:49:40,193,178,99,129,135,150,128,120,169,169,128,185,100,177,134,191,92,191,183,85,176,153,128,150,184,159,134,155,127,182,166,134
2024-02-27 13:49:40,148,99,123,163,86,102,174,122,165,130,149,139,178,86,87,95,177,100,152,90,90,127,152,161,156,129,147,152,139,116,119,183
2024-02-27 13:49:40,153,162,146,131,132,153,131,144,132,90,170,174,120,163,145,163,120,120,145,127,120,145,127,123,90,127,123,91,116,116,123,135
2024-02-27 13:49:40,94,109,142,140,101,157,156,162,152,114,162,149,156,102,110,132,130,130,127,135,155,154,135,140,122,168,160,94,130,135,117,126
2024-02-27 13:49:40,114,146,150,149,157,115,115,145,145,107,122,142,118,132,118,125,132,130,137,118,115,101,108,143,136,143,153,109,133,129,105,142
2024-02-27 13:49:40,127,129,132,138,149,118,129,124,119,135,111,114,135,145,110,127,139,133,143,124,136,137,120,119,139,122,119,120,114,136,117,130
2024-02-27 13:49:40,134,126,133,131,127,137,128,131,133,128,119,135,130,134,131,128,124,130,123,129,132,129,129,124,126,124,131,129,127,123,128,128
2024-02-27 13:49:40,127,128,128,126,126,126,127,126,127,128,127,129,129,127,127,127,126,129,129,126,125,127,127,124,127,130,129,124,127,128,131,124
2024-02-27 13:49:40,135,121,131,125,126,140,128,127,120,122,133,121,127,118,134,124,122,124,126,121,121,119,118,124,143,132,132,130,137,114,132,144
2024-02-27 13:49:40,107,131,138,126,117,127,134,125,135,129,127,121,108,118,131,129,138,138,152,112,145,143,113,98,135,115,135,115,121,112,125,103
2024-02-27 13:49:40,103,108,137,120,131,157,106,128,142,124,155,101,124,119,123,124,105,159,107,137,132,133,95,101,104,103,99,127,110,132,102,151
2024-02-27 13:49:40,150,97,104,100,127,100,119,100,127,123,107,119,134,151,123,162,95,95,135,107,103,86,94,127,135,107,98,110,118,148,127,98
2024-02-27 13:49:40,81,81,81,127,134,115,164,87,104,72,76,153,135,105,133,116,106,122,136,88,119,113,99,164,151,159,133,93,165,98,138,122
2024-02-27 13:49:40,98,77,155,82,121,119,153,120,120,120,127,89,67,105,130,122,80,102,130,113,121,99,86,88,130,98,129,169,127,121,101,161
2024-02-27 13:49:40,127,97,135,125,103,99,124,124,135,169,155,66,60,135,155,127,135,123,96,60,135,169,159,83,59,64,135,73,110,122,154,57
2024-02-27 13:49:40,94,123,123,123,157,116,80,120,82,68,96,56,153,80,59,94,97,127,81,86,81,135,135,115,135,159,83,159,94,58,55,92
2024-02-27 13:49:40,107,151,97,127,76,122,106,164,157,127,134,105,76,120,157,53,46,164,156,53,90,76,156,83,90,105,156,120,120,75,104,105
2024-02-27 13:49:40,108,108,108,156,127,57,99,73,119,146,99,155,89,119,72,81,98,129,56,145,83,144,80,97,155,41,144,52,41,86,88,83
2024-02-27 13:49:40,84,153,84,87,140,106,131,105,46,132,51,51,104,90,139,100,139,152,138,78,89,51,95,138,46,151,150,99,38,138,100,150
2024-02-27 13:49:41,84,91,77,71,141,127,127,69,98,82,51,94,69,84,130,80,143,101,134,131,121,143,88,127,139,68,119,130,85,139,83,88
2024-02-27 13:49:41,42,95,124,134,39,44,34,44,141,90,79,130,44,128,130,83,130,140,93,82,78,68,94,78,72,122,76,135,101,80,135,130
2024-02-27 13:49:41,119,76,127,127,42,85,42,33,76,127,135,75,135,84,127,42,93,43,93,83,126,135,77,66,124,92,51,73,84,42,92,64
2024-02-27 13:49:41,67,77,76,72,72,43,131,51,41,34,43,76,115,59,135,127,91,81,72,74,81,85,74,85,74,101,68,66,74,99,127,101
2024-02-27 13:49:41,133,69,103,134,111,90,74,117,107,86,101,90,84,100,100,84,133,119,37,56,85,84,73,45,127,70,51,119,86,78,100,114
2024-02-27 13:49:41,88,113,42,56,56,104,99,104,40,127,104,79,88,83,42,88,42,119,72,65,56,52,121,88,97,90,41,49,103,88,119,41
2024-02-27 13:49:41,54,89,55,45,107,74,120,90,107,135,120,90,128,120,53,60,128,75,45,90,75,46,91,127,83,105,61,53,91,98,75,105
2024-02-27 13:49:41,49,96,49,54,88,102,91,78,102,59,91,49,88,51,59,91,63,87,58,97,55,55,125,54,91,93,100,45,47,119,54,86
2024-02-27 13:49:41,46,84,62,48,88,93,50,91,104,97,96,65,55,129,93,55,50,104,97,97,64,56,50,89,84,85,94,119,87,85,119,97
2024-02-27 13:49:41,92,120,69,119,95,121,119,69,85,63,64,119,93,97,63,120,91,63,63,119,104,88,125,119,86,88,63,127,85,60,97,53
2024-02-27 13:49:41,59,94,76,68,86,64,57,69,87,65,99,69,90,57,89,98,119,99,89,98,61,119,87,98,119,90,87,93,93,127,122,91
2024-02-27 13:49:41,93,64,64,101,64,80,80,127,97,76,97,89,127,120,98,78,73,78,94,65,90,82,94,82,95,71,123,119,91,103,103,95
2024-02-27 13:49:41,123,119,121,72,121,119,119,109,73,107,103,94,119,85,85,103,99,76,79,107,99,80,78,84,127,108,119,121,108,111,76,114
2024-02-27 13:49:41,91,99,102,89,116,114,87,119,93,90,95,103,100,111,102,121,100,89,88,111,88,103,113,103,123,121,97,99,111,102,116,104
2024-02-27 13:49:41,113,111,119,107,111,102,123,126,112,112,117,103,112,116,113,120,117,105,127,124,113,123,114,108,112,117,118,115,113,119,114,114
2024-02-27 13:49:41,122,118,123,123,123,119,117,124,118,123,117,120,122,122,124,122,122,125,121,123,125,123,122,124,123,126,124,127,125,126,125,125
2024-02-27 13:49:41,130,129,129,127,129,130,129,133,131,128,132,130,131,130,129,128,131,131,127,130,131,127,128,128,127,131,133,129,132,131,136,128
2024-02-27 13:49:41,140,135,134,137,141,144,135,143,135,127,145,138,136,138,143,146,149,139,137,148,130,133,146,147,127,142,137,137,138,145,137,144
2024-02-27 13:49:41,147,154,163,144,143,156,127,148,157,153,136,165,146,153,145,133,147,129,143,131,135,144,158,160,135,165,137,167,164,153,155,151
2024-02-27 13:49:41,127,157,176,127,157,127,153,127,147,149,158,135,149,154,152,177,159,140,165,165,127,154,150,155,168,171,155,158,160,151,169,135
2024-02-27 13:49:41,135,155,162,131,173,135,185,143,151,151,151,135,179,158,127,151,156,180,164,188,160,159,143,134,151,134,131,176,156,151,152,152
2024-02-27 13:49:41,180,161,135,154,167,163,162,195,135,179,167,195,183,167,152,152,183,154,176,193,165,156,132,184,152,197,159,152,127,165,157,185
2024-02-27 13:49:41,156,164,130,166,198,184,157,199,168,189,152,194,201,134,135,149,185,133,169,163,135,129,158,135,167,163,186,202,161,157,201,158
2024-02-27 13:49:41,170,188,204,157,169,169,207,133,195,204,197,152,188,133,198,198,207,170,163,199,197,165,161,161,167,204,167,165,157,150,204,208
2024-02-27 13:49:41,166,134,200,203,203,163,207,198,163,203,130,154,157,209,208,167,204,161,201,127,191,167,209,166,160,160,158,134,155,134,205,163
2024-02-27 13:49:41,201,164,120,208,193,127,134,157,127,208,171,208,208,201,209,201,164,126,163,179,208,201,126,134,172,147,194,180,157,200,207,199
2024-02-27 13:49:41,171,151,205,155,143,148,159,202,202,158,164,151,197,142,171,159,204,156,133,155,127,150,155,135,198,155,133,150,198,135,180,119
2024-02-27 13:49:41,132,208,176,217,213,208,146,194,154,213,170,127,131,213,188,164,193,144,187,213,154,169,154,170,170,137,127,201,192,203,120,164
2024-02-27 13:49:41,127,130,160,130,127,142,219,211,177,186,172,163,183,191,127,130,211,211,135,169,183,173,163,179,127,203,195,161,139,139,169,220
2024-02-27 13:49:41,203,128,159,132,220,129,122,182,128,176,220,186,210,179,203,212,181,181,203,180,178,220,160,178,187,212,161,178,127,136,220,161
2024-02-27 13:49:41,163,180,153,178,163,178,214,176,177,153,126,153,176,178,175,180,169,175,186,114,120,170,113,176,203,175,215,212,178,159,170,220
2024-02-27 13:49:41,172,177,166,116,116,116,170,109,120,158,108,132,208,186,158,170,173,210,219,185,172,170,185,166,172,170,133,133,170,159,216,133
2024-02-27 13:49:41,209,135,167,166,103,167,121,104,103,216,203,103,127,135,122,135,135,170,152,135,108,122,116,184,203,115,107,208,115,101,163,122
2024-02-27 13:49:41,111,155,202,168,202,171,157,152,103,121,182,166,146,167,121,156,213,158,146,213,166,166,213,141,109,212,155,155,181,120,211,94
2024-02-27 13:49:41,208,134,156,134,164,201,127,164,98,134,150,171,150,156,134,97,178,149,98,141,134,149,178,149,127,104,134,163,200,178,163,127
2024-02-27 13:49:41,188,203,176,162,176,171,95,87,139,119,97,95,139,200,146,175,175,200,174,174,138,199,158,167,158,145,97,134,174,174,197,185
2024-02-27 13:49:41,190,152,191,131,154,98,191,131,136,158,194,189,119,99,85,170,93,99,93,133,133,188,99,187,133,93,129,163,163,193,163,178
2024-02-27 13:49:41,134,118,132,190,125,125,146,152,134,149,157,118,156,118,94,119,99,160,90,132,156,126,131,164,131,135,150,102,140,132,156,176
2024-02-27 13:49:41,119,180,124,138,138,148,140,100,90,104,146,100,119,160,154,138,167,124,128,132,117,150,173,154,154,127,101,96,131,117,101,123
2024-02-27 13:49:41,160,131,143,127,119,156,116,155,103,159,115,159,135,120,151,159,143,108,170,146,165,173,93,100,100,127,134,120,146,141,134,116
2024-02-27 13:49:41,131,119,111,163,106,121,126,95,98,122,98,140,111,152,142,96,153,133,114,139,152,105,159,123,112,145,130,117,123,155,139,108
2024-02-27 13:49:41,105,115,139,132,125,133,102,123,102,119,151,116,142,123,141,148,138,131,133,141,113,129,132,113,107,132,131,146,112,124,148,140
2024-02-27 13:49:41,119,128,142,122,111,142,133,130,120,125,119,128,140,141,134,127,129,128,137,134,129,135,127,126,131,127,127,125,126,120,133,133
2024-02-27 13:49:41,126,126,128,130,127,126,127,128,128,128,128,127,127,127,128,127,126,127,126,128,128,127,127,127,127,127,127,127,127,127,127,127
2024-02-27 13:49:41,129,127,120,132,131,131,126,133,130,123,119,126,130,131,119,133,124,127,128,124,122,126,129,129,135,129,137,125,115,120,126,126
2024-02-27 13:49:41,108,139,135,114,124,126,121,125,124,117,143,125,136,114,130,115,139,136,127,119,113,139,116,126,125,123,136,126,130,137,134,110
2024-02-27 13:49:41,139,121,111,103,115,111,114,146,124,117,139,110,125,124,140,119,155,129,124,109,120,105,131,119,105,124,154,148,91,148,113,148
2024-02-27 13:49:41,138,99,104,104,94,127,119,101,120,106,149,123,158,119,92,102,140,123,102,84,131,145,87,99,153,138,105,131,154,104,111,82
2024-02-27 13:49:41,127,163,92,127,93,156,139,118,118,102,139,93,138,101,164,119,109,134,131,110,101,134,110,75,127,134,117,164,101,119,127,149
2024-02-27 13:49:41,83,159,115,154,159,83,154,151,159,159,129,97,115,102,77,129,121,155,132,81,119,100,104,91,104,129,124,98,110,164,119,129
2024-02-27 13:49:41,113,99,154,129,93,161,95,70,120,120,121,104,135,78,62,121,101,86,62,86,112,119,121,120,155,97,68,112,85,155,121,161
2024-02-27 13:49:41,102,122,135,122,127,97,159,57,159,156,122,158,101,135,82,125,60,130,101,130,88,85,84,120,84,101,124,88,55,57,114,97
2024-02-27 13:49:41,167,92,167,97,110,135,111,135,167,152,117,83,157,157,56,92,125,152,56,110,127,99,83,108,121,158,106,56,158,115,55,151
2024-02-27 13:49:41,75,156,105,127,53,156,163,156,103,89,82,148,60,156,156,156,89,53,127,74,74,59,89,58,128,111,43,128,83,74,110,146
2024-02-27 13:49:41,88,41,52,41,87,133,133,41,87,119,99,96,71,48,106,85,109,119,119,95,95,94,155,71,95,87,127,79,71,101,99,93
2024-02-27 13:49:41,87,132,119,70,70,132,151,119,133,137,100,131,137,119,149,87,84,144,137,95,136,101,127,70,78,98,127,94,136,127,150,136
2024-02-27 13:49:41,134,51,122,134,84,43,71,130,88,101,46,133,72,85,127,38,122,87,45,43,94,68,72,86,119,136,119,135,88,123,135,89
2024-02-27 13:49:41,93,129,40,135,74,135,78,94,43,94,135,76,40,119,125,135,85,77,138,76,128,51,127,76,85,92,85,42,76,78,42,76
2024-02-27 13:49:41,124,51,75,92,116,85,51,119,44,72,34,101,101,68,34,71,93,72,126,45,74,119,51,74,63,62,62,62,68,78,119,135
2024-02-27 13:49:41,82,85,43,134,113,127,101,48,112,112,101,71,107,99,64,72,111,101,101,84,134,55,64,94,44,110,105,127,119,100,36,69
2024-02-27 13:49:41,123,66,37,135,115,102,101,41,70,108,37,84,55,67,73,54,54,127,116,107,135,64,73,127,59,119,127,112,55,106,58,50
2024-02-27 13:49:41,41,50,80,83,97,42,111,127,83,111,49,49,83,135,105,88,58,74,58,63,81,81,135,104,90,43,74,93,63,55,120,94
2024-02-27 13:49:41,98,83,45,61,98,46,61,53,61,127,127,105,98,46,90,61,53,46,54,90,90,61,127,46,89,105,134,61,127,134,105,91
2024-02-27 13:49:41,47,56,47,58,93,132,132,78,51,94,64,119,88,92,47,86,127,50,94,86,57,79,80,57,60,97,127,54,57,83,131,61
2024-02-27 13:49:41,119,96,58,66,85,84,84,121,122,119,50,128,60,128,121,87,121,82,56,82,50,87,82,48,82,57,103,127,87,57,103,127
2024-02-27 13:49:41,105,102,85,91,88,120,91,99,89,55,127,94,105,120,100,70,94,65,58,119,86,91,119,98,95,86,102,58,62,87,86,122
2024-02-27 13:49:41,103,98,71,102,95,71,74,80,122,87,59,91,59,76,127,99,108,119,76,88,104,119,93,88,75,60,65,96,88,61,120,102
2024-02-27 13:49:41,120,82,119,67,65,95,120,68,75,119,95,111,95,92,99,127,95,123,67,92,95,69,96,100,81,103,120,83,70,74,108,92
2024-02-27 13:49:41,89,97,99,104,76,104,90,101,114,119,101,121,105,78,115,119,124,94,100,91,119,109,80,106,108,102,102,80,105,80,103,100
2024-02-27 13:49:41,111,107,101,98,127,111,111,89,109,118,97,99,125,112,94,120,99,104,119,97,109,125,121,125,104,127,112,107,112,101,94,108
2024-02-27 13:49:41,116,120,108,104,116,108,114,113,109,127,117,108,114,126,115,107,122,127,115,119,124,113,116,114,110,114,116,114,115,117,118,115
2024-02-27 13:49:41,123,123,123,124,124,123,124,125,124,126,124,125,127,126,125,126,127,126,127,126,127,127,127,127,127,127,127,127,127,127,127,127
2024-02-27 13:49:41,136,137,135,132,133,132,136,134,133,131,131,130,135,134,132,132,137,128,136,135,134,134,133,136,136,139,138,143,140,131,144,138
2024-02-27 13:49:41,143,145,135,151,143,153,144,139,141,142,139,155,127,133,147,145,147,139,143,132,153,160,144,145,127,135,131,146,149,159,129,150
2024-02-27 13:49:41,152,145,155,145,152,135,169,160,138,132,138,155,161,132,155,145,153,169,150,127,150,134,158,132,130,161,151,132,162,127,152,174
2024-02-27 13:49:41,161,156,161,173,147,161,156,150,162,161,162,169,159,162,131,152,145,179,153,160,157,172,127,168,171,158,177,162,135,184,161,158
2024-02-27 13:49:41,156,176,159,163,134,169,135,127,152,157,153,135,165,177,177,162,175,190,127,127,188,183,145,153,178,164,158,153,193,185,177,179
2024-02-27 13:49:41,152,165,165,194,132,162,162,195,163,198,168,182,199,184,165,166,131,166,156,135,180,199,132,132,183,164,192,152,160,160,164,167
2024-02-27 13:49:41,167,201,193,135,167,167,135,185,186,202,168,168,128,128,202,162,157,159,161,162,128,193,157,167,169,197,195,160,169,135,127,196
2024-02-27 13:49:41,208,132,153,206,125,150,127,169,197,196,172,124,206,124,160,199,166,164,173,169,170,163,160,200,150,160,200,194,204,175,174,207
2024-02-27 13:49:41,149,169,163,127,204,191,162,169,135,157,166,199,203,127,135,195,209,208,177,205,151,171,165,177,165,206,149,120,201,156,134,208
2024-02-27 13:49:41,163,156,156,194,164,200,164,209,171,155,163,163,172,208,119,200,126,172,180,210,211,203,153,164,201,203,152,164,211,180,180,149
2024-02-27 13:49:41,164,206,158,124,166,119,206,171,214,198,206,164,206,150,155,123,214,212,123,155,155,202,151,119,154,193,155,156,183,164,196,183
2024-02-27 13:49:41,131,213,160,121,186,145,198,186,168,193,120,187,144,121,187,193,154,193,147,153,176,192,154,213,170,186,136,170,160,214,177,185
2024-02-27 13:49:41,170,120,133,146,169,170,130,119,119,169,188,146,119,188,196,136,119,127,153,123,179,179,186,203,119,161,157,220,182,186,163,177
2024-02-27 13:49:41,212,159,170,139,220,161,179,186,186,179,213,128,153,129,127,120,129,161,129,129,135,169,178,161,179,127,136,212,212,186,127,178
2024-02-27 13:49:41,163,178,169,132,126,127,186,177,212,178,131,163,211,153,161,220,164,126,161,181,135,181,153,203,124,120,120,170,212,161,178,203
2024-02-27 13:49:41,182,208,124,170,135,203,124,124,186,174,163,163,170,216,111,127,177,170,210,173,157,169,207,157,157,153,166,123,160,153,216,170
2024-02-27 13:49:41,103,105,105,204,166,154,171,155,127,204,153,104,165,159,152,159,122,108,176,159,164,176,151,184,216,115,150,106,171,159,101,167
2024-02-27 13:49:41,183,182,159,168,112,155,99,199,202,167,96,166,152,155,167,199,121,135,181,156,141,127,166,213,101,181,197,140,212,145,171,144
2024-02-27 13:49:41,157,91,171,127,208,208,142,98,208,201,208,171,156,149,134,164,105,149,178,200,200,141,163,134,133,128,170,177,170,177,97,140
2024-02-27 13:49:41,119,201,130,130,198,157,136,119,99,159,132,160,161,135,141,199,86,134,157,198,141,171,134,119,174,101,160,125,97,127,171,127
2024-02-27 13:49:41,157,144,191,98,191,170,119,152,164,143,157,180,136,99,158,130,164,136,133,163,169,133,135,127,169,193,129,133,193,120,135,178
2024-02-27 13:49:41,156,127,119,133,149,155,99,166,147,160,124,156,132,182,160,124,99,134,99,132,119,187,156,140,119,85,101,135,133,90,180,119
2024-02-27 13:49:41,100,119,100,87,150,156,90,151,151,151,148,116,164,124,96,173,163,90,173,166,150,173,117,173,145,145,145,138,128,137,127,147
2024-02-27 13:49:41,147,168,123,135,91,107,123,159,99,151,115,155,136,155,174,91,120,131,159,154,131,158,158,135,127,151,108,108,134,143,157,135
2024-02-27 13:49:41,127,122,106,114,140,95,148,127,153,161,152,119,122,122,99,139,112,130,148,149,107,133,105,145,159,139,127,159,139,163,158,114
2024-02-27 13:49:41,119,133,147,123,111,129,147,129,102,140,112,120,133,151,116,123,146,116,150,120,123,116,137,139,131,145,123,127,111,137,144,129
2024-02-27 13:49:41,117,135,145,122,136,137,125,130,130,135,117,138,122,121,128,135,127,123,134,122,133,119,136,141,129,114,127,137,137,127,137,128
2024-02-27 13:49:41,128,124,127,131,127,129,127,127,128,126,125,127,131,127,129,129,127,129,129,127,126,127,127,127,127,126,128,127,127,127,127,127
2024-02-27 13:49:41,129,131,124,123,130,124,126,128,130,125,129,125,133,119,126,127,121,123,128,132,130,126,130,127,132,124,121,118,130,126,118,120
2024-02-27 13:49:41,137,117,130,141,120,126,124,139,124,115,130,117,123,121,116,124,116,135,113,140,125,124,136,122,113,140,128,120,115,115,139,145
2024-02-27 13:49:41,122,131,125,145,107,121,135,118,111,129,110,110,117,135,99,124,122,129,154,127,124,135,127,136,144,101,129,129,127,119,141,116
2024-02-27 13:49:41,111,157,143,101,104,120,94,90,138,86,104,139,119,99,106,89,140,137,92,140,113,140,119,139,99,123,114,160,102,119,128,127
2024-02-27 13:49:41,127,127,119,148,110,164,106,102,106,139,102,81,134,138,80,80,138,122,123,91,138,79,101,122,90,123,134,138,164,149,89,127
2024-02-27 13:49:41,129,72,119,102,102,122,97,119,99,76,121,122,81,132,91,67,75,115,101,137,160,122,67,98,95,127,88,127,168,164,77,153
2024-02-27 13:49:41,94,104,120,71,161,86,154,77,135,155,86,93,127,154,126,127,69,126,62,77,126,135,61,103,125,85,125,99,103,127,103,124
2024-02-27 13:49:41,122,58,120,110,127,169,161,96,169,122,109,130,127,154,161,55,62,85,97,123,55,87,96,81,96,127,54,154,128,95,128,53
2024-02-27 13:49:41,115,157,125,99,152,121,78,120,55,55,120,127,120,79,123,56,126,99,123,151,91,83,135,63,106,108,114,126,157,55,98,135
2024-02-27 13:49:41,120,148,103,156,98,163,90,89,75,128,44,53,117,52,53,119,119,147,98,89,88,101,97,101,103,134,74,100,73,89,100,145
2024-02-27 13:49:41,119,131,39,150,150,150,133,54,141,48,141,99,53,94,93,101,83,107,87,79,140,92,39,148,52,100,119,83,153,139,148,153
2024-02-27 13:49:42,87,87,84,78,95,51,149,100,127,119,94,84,147,84,93,94,69,44,127,69,71,44,44,146,94,131,99,142,81,134,133,91
2024-02-27 13:49:42,119,137,78,87,130,85,72,130,132,135,135,119,94,127,94,93,93,143,79,135,135,93,85,101,84,93,84,86,123,85,129,84
2024-02-27 13:49:42,76,70,92,135,128,101,51,34,51,101,126,129,76,68,119,119,128,34,68,85,119,127,51,33,93,68,68,42,102,136,127,76
2024-02-27 13:49:42,63,131,75,72,135,127,126,129,84,71,113,121,92,126,93,51,126,119,84,135,121,42,84,69,112,119,78,51,80,112,97,60
2024-02-27 13:49:42,134,123,127,123,85,35,99,134,133,77,74,40,56,90,64,105,44,64,114,101,100,127,56,50,105,109,69,119,101,104,84,101
2024-02-27 13:49:42,78,86,51,70,102,127,78,90,95,102,46,51,90,59,64,99,59,90,78,102,46,71,115,83,103,51,87,42,79,74,66,127
2024-02-27 13:49:42,103,56,96,43,43,41,74,88,102,110,52,96,73,90,101,63,104,74,50,89,52,63,90,52,94,44,93,90,119,47,51,75
2024-02-27 13:49:42,120,98,90,91,75,53,90,127,127,76,90,53,76,90,76,134,90,47,134,76,97,91,91,96,47,89,98,54,89,53,52,98
2024-02-27 13:49:42,127,119,119,88,97,51,120,88,93,64,91,93,52,91,47,53,131,98,131,80,46,47,119,50,120,47,92,131,87,58,94,90
2024-02-27 13:49:42,93,56,57,103,95,128,85,66,103,127,127,94,122,87,85,60,103,82,57,128,93,66,119,127,93,91,85,48,93,93,119,87
2024-02-27 13:49:42,91,91,105,85,93,86,94,52,60,122,98,94,64,124,58,56,127,88,86,67,120,65,53,70,56,98,106,95,67,66,122,90
2024-02-27 13:49:42,119,87,121,99,79,90,102,103,62,96,74,121,91,59,104,87,93,102,100,101,95,127,102,122,91,120,88,93,69,76,101,109
2024-02-27 13:49:42,66,107,78,94,74,120,87,83,68,66,68,119,91,103,88,91,107,95,111,82,108,96,85,100,105,100,82,83,112,78,96,96
2024-02-27 13:49:42,100,119,76,77,109,109,80,115,104,88,100,106,109,102,97,100,120,92,98,90,108,98,97,106,113,90,111,87,105,122,106,87
2024-02-27 13:49:42,123,94,105,108,106,108,105,105,121,102,112,98,98,106,120,103,92,100,127,111,112,112,117,109,109,123,112,107,116,97,123,113
2024-02-27 13:49:42,127,109,117,118,121,115,106,108,126,118,118,110,115,120,122,117,121,124,121,109,122,116,123,118,111,125,127,119,111,117,127,119
2024-02-27 13:49:42,121,124,123,123,123,124,126,126,126,124,127,125,126,125,126,126,126,126,126,126,127,126,127,127,127,127,127,127,127,127,127,127
2024-02-27 13:49:42,131,132,128,137,129,129,134,131,128,133,132,138,138,131,127,138,133,137,129,139,133,127,135,135,135,142,131,140,136,129,141,136
2024-02-27 13:49:42,131,148,153,138,134,140,131,147,147,154,146,149,147,133,140,135,144,137,139,147,149,143,139,147,136,127,127,137,129,160,150,129
2024-02-27 13:49:42,167,160,159,152,152,146,149,152,149,145,140,127,168,134,168,152,145,168,151,159,156,162,172,143,154,162,158,147,132,164,146,148
2024-02-27 13:49:42,180,166,171,159,168,181,158,181,161,161,148,154,127,174,162,153,131,153,153,145,135,161,167,150,181,155,183,171,184,172,172,183
2024-02-27 13:49:42,190,163,148,159,151,144,164,190,182,152,182,153,131,161,144,158,179,164,190,176,193,153,180,152,165,163,194,185,166,177,145,134
2024-02-27 13:49:42,168,178,198,147,195,152,147,168,163,179,165,127,166,166,160,188,153,135,159,185,153,184,169,131,167,180,127,192,131,160,201,193
2024-02-27 13:49:42,157,186,128,185,151,156,196,151,205,161,157,135,163,194,203,135,169,151,195,135,203,203,151,203,169,193,158,188,160,151,160,203
2024-02-27 13:49:42,199,163,133,197,124,196,197,170,197,167,167,150,164,134,171,208,157,157,200,167,167,196,154,135,156,174,174,194,130,190,156,194
2024-02-27 13:49:42,160,166,121,169,157,157,203,163,192,177,128,177,163,134,128,120,165,202,206,151,165,135,178,158,149,158,207,156,156,120,163,201
2024-02-27 13:49:42,200,202,126,164,147,154,134,202,207,147,119,179,162,156,164,162,201,134,162,135,156,206,200,149,161,202,181,153,119,153,145,171
2024-02-27 13:49:42,164,159,180,214,198,198,206,146,155,214,183,203,141,145,193,135,132,171,149,135,183,175,123,207,164,155,207,159,151,196,199,188
2024-02-27 13:49:42,213,169,152,217,144,152,194,213,143,185,169,209,218,203,153,177,143,213,120,185,153,135,135,185,120,195,180,203,121,177,153,121
2024-02-27 13:49:42,188,196,211,177,129,186,137,179,186,156,129,182,189,182,169,161,211,174,135,174,207,203,127,211,208,143,161,179,119,186,212,212
2024-02-27 13:49:42,172,212,135,121,161,119,121,119,137,188,188,212,203,135,161,178,127,161,169,212,212,178,178,178,170,127,127,127,127,170,136,178
2024-02-27 13:49:42,119,153,127,176,125,214,180,171,161,124,135,130,177,169,220,164,126,130,161,215,130,172,170,176,169,215,159,203,162,123,170,174
2024-02-27 13:49:42,186,121,115,124,183,166,158,114,173,123,114,111,165,153,153,110,183,207,183,124,183,133,106,156,171,135,123,170,163,120,168,156
2024-02-27 13:49:42,204,204,127,171,154,104,152,203,168,116,164,216,151,107,184,127,203,115,159,163,171,135,101,203,208,154,123,159,101,171,170,100
2024-02-27 13:49:42,199,205,110,149,182,155,157,99,182,155,110,174,171,148,125,99,95,181,95,156,212,204,202,125,135,145,156,156,197,139,98,201
2024-02-27 13:49:42,150,171,98,164,150,201,105,120,193,134,156,141,134,141,90,127,171,134,192,140,199,163,199,156,97,206,127,191,171,177,134,163
2024-02-27 13:49:42,141,203,171,100,128,187,140,140,138,101,159,130,98,186,186,199,130,198,159,141,101,157,171,94,131,127,137,158,137,157,157,131
2024-02-27 13:49:42,136,130,153,93,143,130,128,94,155,85,85,151,189,133,85,193,179,119,163,133,130,99,99,142,193,169,193,134,185,120,126,185
2024-02-27 13:49:42,132,124,118,127,182,157,119,99,124,126,149,90,165,126,124,140,140,101,164,148,135,135,117,122,131,123,153,133,166,180,117,121
2024-02-27 13:49:42,174,174,104,96,90,118,164,121,117,178,178,154,104,181,132,127,116,135,101,181,127,138,158,119,131,89,180,127,131,127,162,146
2024-02-27 13:49:42,131,159,159,123,155,147,167,108,154,135,142,174,127,103,158,120,146,114,92,120,120,146,157,141,114,119,172,123,163,127,127,119
2024-02-27 13:49:42,119,161,107,111,98,122,165,130,147,153,130,99,99,130,127,112,134,152,114,139,123,163,130,147,100,150,138,145,122,150,138,149
2024-02-27 13:49:42,146,116,129,155,138,129,129,125,103,131,120,150,127,131,153,147,145,131,107,117,120,148,129,132,148,145,147,126,109,134,132,120
2024-02-27 13:49:42,134,125,120,139,118,136,122,130,120,134,139,116,141,138,120,120,129,117,125,132,132,121,127,121,130,128,137,131,123,130,124,127
2024-02-27 13:49:42,127,126,124,127,125,128,129,126,127,128,126,128,126,127,127,127,127,127,127,127,127,127,127,127,127,127,127,127,127,127,127,127
2024-02-27 13:49:42,130,124,123,131,125,123,119,119,127,134,126,121,131,124,116,121,137,132,127,131,116,128,120,123,132,134,131,128,123,127,134,126
2024-02-27 13:49:42,145,133,145,119,109,121,140,117,144,139,116,115,124,116,120,123,114,126,139,115,129,110,122,130,129,142,105,107,129,134,119,143
2024-02-27 13:49:42,117,146,95,105,146,102,146,117,136,111,129,98,125,114,145,145,105,132,105,119,109,140,107,131,116,124,121,154,132,154,118,102
2024-02-27 13:49:42,122,138,89,149,128,112,102,119,105,159,98,98,97,123,128,113,153,123,162,112,123,160,101,131,123,108,120,161,135,100,127,131
2024-02-27 13:49:42,134,138,92,93,109,106,127,84,91,93,80,84,108,108,126,79,105,134,127,105,122,109,137,149,90,137,149,115,127,95,165,165
2024-02-27 13:49:42,99,151,99,85,124,159,83,106,122,101,119,119,127,100,160,122,155,74,168,129,152,168,131,77,77,127,132,132,136,94,155,114
2024-02-27 13:49:42,62,127,97,154,162,105,127,169,77,69,155,62,68,97,119,119,155,125,161,124,111,133,66,103,169,85,121,85,99,65,161,161
2024-02-27 13:49:42,57,84,120,135,96,157,101,109,123,127,97,97,123,154,97,101,127,83,116,153,97,53,168,115,160,60,93,87,113,127,93,79
2024-02-27 13:49:42,92,127,91,77,83,157,64,77,135,127,108,135,98,108,106,91,48,120,113,157,91,47,150,106,91,83,134,97,46,149,46,157
2024-02-27 13:49:42,98,147,134,119,58,162,82,51,58,101,146,147,115,129,127,156,119,110,127,100,119,52,155,155,42,42,50,52,73,81,109,88
2024-02-27 13:49:42,119,83,94,94,133,154,87,119,131,93,141,71,87,39,92,153,47,140,127,154,70,148,127,91,46,95,140,119,119,119,51,103
2024-02-27 13:49:42,82,98,45,78,45,86,82,84,87,81,48,71,99,94,99,87,85,51,148,81,148,119,135,101,38,135,77,51,101,88,132,121
2024-02-27 13:49:42,94,88,68,93,128,85,84,127,76,84,127,135,101,93,84,84,84,119,39,90,129,85,39,85,91,39,73,51,124,134,90,101
2024-02-27 13:49:42,127,93,76,69,137,77,42,76,93,93,76,85,93,76,127,93,119,76,76,127,76,42,76,76,75,85,68,76,76,76,42,77
2024-02-27 13:49:42,101,45,76,124,73,121,45,80,42,101,78,128,78,68,117,68,111,80,77,126,41,119,97,76,34,47,47,122,67,127,125,91
2024-02-27 13:49:42,40,127,90,100,114,35,69,94,69,105,134,40,40,36,84,112,84,44,44,69,112,134,58,68,86,84,84,134,45,57,94,119
2024-02-27 13:49:42,115,54,90,100,107,102,74,132,55,63,58,100,42,39,51,99,95,106,106,99,100,109,90,83,99,87,71,51,51,74,51,127
2024-02-27 13:49:42,104,101,129,81,94,90,63,83,57,57,57,101,96,55,100,81,52,100,98,52,55,100,90,47,92,93,128,92,54,128,90,135
2024-02-27 13:49:42,90,61,90,90,61,127,76,54,120,60,91,54,104,120,98,134,96,127,120,76,47,53,84,98,89,54,76,76,83,94,119,45
2024-02-27 13:49:42,92,86,78,83,132,59,79,58,45,91,50,54,131,80,119,86,123,100,104,87,120,51,123,64,61,61,119,81,94,94,97,48
2024-02-27 13:49:42,94,87,90,57,59,96,85,94,56,57,119,97,85,91,121,127,57,93,103,127,57,121,93,121,51,95,67,121,49,62,85,62
2024-02-27 13:49:42,97,100,97,85,91,86,72,53,67,85,85,122,54,97,98,122,58,106,106,65,90,94,90,86,62,57,58,55,96,101,119,55
2024-02-27 13:49:42,91,122,61,87,103,59,91,93,76,60,104,73,81,92,109,89,119,75,61,127,123,93,93,102,93,74,66,93,93,93,64,120
2024-02-27 13:49:42,103,80,91,123,119,92,92,84,96,80,80,95,92,81,82,127,100,73,69,92,127,82,83,82,78,72,123,84,105,127,79,99
2024-02-27 13:49:42,98,90,101,111,119,101,98,101,119,121,86,112,96,124,127,95,106,89,108,105,106,95,99,100,106,108,98,97,102,106,124,124
2024-02-27 13:49:42,109,104,121,92,111,109,104,106,96,110,107,94,121,94,99,120,108,94,127,107,94,113,116,99,103,114,115,103,116,125,107,110
2024-02-27 13:49:42,108,113,104,106,107,124,122,119,117,115,108,112,116,117,121,114,122,111,121,113,124,117,125,121,127,120,121,120,125,116,117,122
2024-02-27 13:49:42,125,127,126,126,126,126,127,127,127,127,127,127,127,127,127,127,127,127,127,127,127,127,128,127,127,129,128,128,128,128,129,130
2024-02-27 13:49:42,130,132,132,131,136,136,133,137,134,141,132,132,139,130,127,128,136,131,130,138,133,143,146,137,127,133,140,134,144,140,143,146
2024-02-27 13:49:42,146,140,140,154,140,152,149,129,150,127,140,147,152,140,146,153,134,145,142,149,142,154,145,145,155,139,142,142,163,163,142,133
2024-02-27 13:49:42,150,153,155,127,145,155,134,159,159,149,145,150,127,155,174,156,163,155,144,161,156,146,150,134,127,172,130,132,148,148,145,154
2024-02-27 13:49:42,155,171,135,166,159,135,156,157,150,135,150,149,183,163,164,162,150,157,184,157,134,169,185,177,184,185,151,182,127,147,163,143
2024-02-27 13:49:42,190,157,151,152,160,164,183,153,164,134,162,153,179,184,131,149,152,165,192,193,162,190,163,154,163,135,163,192,160,182,127,178
2024-02-27 13:49:42,132,168,162,163,195,127,162,135,192,159,164,148,165,168,187,152,180,166,198,163,160,184,166,163,201,189,163,193,163,199,168,201
2024-02-27 13:49:42,133,187,197,151,159,156,151,197,203,197,203,193,161,151,163,127,167,133,169,160,133,198,151,151,206,198,197,135,195,188,198,197
2024-02-27 13:49:42,164,175,208,201,167,199,150,160,196,200,201,164,160,207,160,123,160,196,127,163,127,203,176,196,209,191,150,163,168,203,175,203
2024-02-27 13:49:42,170,128,209,163,165,135,151,157,164,207,208,128,149,128,208,200,201,150,207,157,208,208,156,157,193,178,193,164,149,164,193,120
2024-02-27 13:49:42,152,173,207,200,135,191,151,161,160,156,145,156,135,207,180,144,127,127,150,207,156,152,152,207,180,165,181,174,205,174,206,205
2024-02-27 13:49:42,215,119,212,199,175,196,203,204,191,208,135,204,132,187,164,187,187,184,168,159,141,200,200,170,146,181,203,135,189,201,171,152
2024-02-27 13:49:42,214,203,160,177,160,127,134,160,121,133,133,120,160,171,130,120,120,171,203,164,205,210,171,186,177,142,172,180,183,133,181,177
2024-02-27 13:49:42,126,153,185,158,213,186,169,162,175,158,162,185,178,179,162,184,191,212,179,131,127,153,178,153,153,182,170,210,127,179,173,179
2024-02-27 13:49:42,136,187,178,161,170,178,161,161,126,161,135,186,186,169,178,153,126,128,126,220,161,152,128,179,186,127,153,126,177,123,178,203
2024-02-27 13:49:42,211,215,128,181,119,203,125,161,123,170,131,135,127,153,177,170,173,161,131,170,203,172,135,124,127,169,127,177,117,165,182,186
2024-02-27 13:49:42,134,183,106,218,156,162,112,161,135,111,135,177,134,185,156,161,160,218,203,118,203,123,172,167,155,160,104,117,121,152,123,127
2024-02-27 13:49:42,215,122,148,167,114,127,162,122,161,153,113,175,149,183,127,201,127,123,203,214,135,135,98,98,182,135,215,171,103,200,144,182
2024-02-27 13:49:42,154,158,165,139,135,109,201,127,157,108,135,211,127,153,107,127,92,171,143,157,127,165,143,106,120,171,172,137,165,201,201,106
2024-02-27 13:49:42,163,97,200,127,156,178,140,148,97,134,163,140,139,96,134,162,176,148,190,146,127,199,198,204,102,127,96,190,101,129,102,102
2024-02-27 13:49:42,171,171,201,159,119,194,127,131,127,185,185,193,127,157,127,167,160,133,153,170,153,145,97,130,157,132,166,139,135,196,183,127
2024-02-27 13:49:42,129,127,135,155,130,135,135,193,127,157,99,133,157,192,151,150,133,133,177,134,134,93,119,135,99,126,160,134,184,85,153,133
2024-02-27 13:49:42,159,94,159,156,155,155,159,177,131,117,144,90,153,127,156,99,154,123,130,163,163,130,178,170,155,170,117,149,117,103,133,117
2024-02-27 13:49:42,148,132,177,89,147,164,158,101,105,132,165,163,144,123,101,175,120,120,90,145,127,116,127,137,131,127,123,145,131,157,148,153
2024-02-27 13:49:42,119,151,100,143,131,100,114,100,92,116,119,168,116,100,126,142,155,94,135,127,101,127,140,142,142,122,119,156,113,96,122,132
2024-02-27 13:49:42,139,130,139,117,105,114,130,158,151,146,146,125,134,123,127,119,119,106,125,146,150,149,148,107,130,140,153,99,132,118,145,155
2024-02-27 13:49:42,117,123,129,143,104,127,135,123,131,132,108,135,144,114,143,128,147,117,136,136,139,137,130,110,108,118,126,133,137,111,138,131
2024-02-27 13:49:42,138,125,134,139,134,123,133,136,134,123,134,136,129,119,121,127,120,123,130,126,124,127,134,132,133,126,118,127,127,126,123,130
2024-02-27 13:49:42,127,127,127,127,127,126,127,128,127,127,127,127,127,127,127,127,127,127,127,127,127,127,127,127,127,127,126,127,128,128,126,128
2024-02-27 13:49:42,126,117,122,125,122,122,121,119,134,129,127,124,116,129,127,123,132,132,123,135,115,131,128,117,113,129,118,127,133,122,120,124
2024-02-27 13:49:42,123,120,133,112,113,130,136,111,115,120,147,114,116,137,117,112,119,122,116,122,122,122,137,122,134,129,101,124,129,110,131,135
2024-02-27 13:49:42,147,127,132,98,116,121,94,116,129,119,108,156,109,121,132,140,135,115,131,115,99,124,95,120,128,142,154,124,109,142,115,127
2024-02-27 13:49:42,135,133,159,127,98,135,123,84,104,109,83,99,99,87,162,131,90,127,160,104,104,150,135,81,96,127,112,119,108,119,127,119
2024-02-27 13:49:42,123,134,119,134,76,123,110,117,110,117,92,138,117,79,101,157,108,123,117,117,134,153,116,122,149,137,165,91,164,158,135,115
2024-02-27 13:49:42,111,127,68,102,81,121,121,84,131,155,124,80,67,122,98,121,121,98,121,127,160,169,164,74,109,169,160,89,108,164,122,87
2024-02-27 13:49:42,155,86,161,120,169,101,161,162,162,97,98,62,97,61,61,134,91,91,161,135,124,121,66,119,91,169,66,124,111,124,97,102
2024-02-27 13:49:42,156,161,88,135,121,161,123,71,169,120,124,160,81,84,101,124,96,121,84,69,154,117,57,156,53,156,87,56,160,116,168,123
2024-02-27 13:49:42,166,127,135,110,85,121,83,50,126,83,77,120,152,166,108,108,91,92,98,151,151,127,120,165,55,97,113,113,157,120,105,83
2024-02-27 13:49:42,155,83,89,90,104,120,98,89,74,116,116,89,98,43,128,74,134,81,110,119,161,108,160,73,129,127,145,52,89,99,73,89
2024-02-27 13:49:42,71,119,87,154,71,133,106,142,39,108,127,85,127,95,71,85,87,71,107,127,47,39,39,51,106,106,83,139,95,52,83,100
2024-02-27 13:49:43,49,119,49,37,87,137,98,82,98,94,69,86,97,86,87,84,48,127,69,135,120,77,48,146,134,98,98,85,98,81,134,95
2024-02-27 13:49:43,96,85,45,96,129,77,76,79,89,143,43,135,129,93,84,51,84,34,78,95,39,124,134,78,142,124,84,141,79,76,73,128
2024-02-27 13:49:43,51,51,119,101,42,76,93,84,84,93,68,77,127,127,93,76,118,42,68,68,127,93,136,93,118,51,93,42,93,102,85,84
2024-02-27 13:49:43,130,124,42,70,92,121,79,113,62,51,41,42,45,68,128,68,42,69,130,123,119,131,97,72,60,119,69,125,84,84,43,72
2024-02-27 13:49:43,72,114,119,69,101,35,61,134,71,83,50,70,134,127,69,44,100,55,50,51,69,104,101,84,86,134,101,118,84,118,86,58
2024-02-27 13:49:43,127,103,64,112,78,112,95,99,127,106,101,115,132,111,38,119,83,50,98,98,47,90,106,52,66,74,97,122,62,42,127,48
2024-02-27 13:49:43,95,74,98,49,57,98,73,135,42,57,52,89,81,44,43,105,56,93,119,59,119,93,100,75,75,97,62,120,98,127,55,128
2024-02-27 13:49:43,61,76,134,46,46,127,46,134,54,97,61,83,47,96,127,76,90,119,61,127,119,120,55,90,134,105,77,60,59,56,96,127
2024-02-27 13:49:43,64,59,64,51,64,120,93,131,119,86,94,91,98,131,119,127,127,97,104,50,80,119,94,97,64,90,61,94,97,84,91,46
2024-02-27 13:49:43,94,59,84,119,121,65,87,119,91,91,128,103,51,56,119,87,58,85,103,67,87,93,67,57,91,93,95,85,85,103,92,58
2024-02-27 13:49:43,88,91,55,122,91,100,60,122,67,120,89,87,98,97,87,127,74,90,106,119,123,85,67,98,102,55,55,69,88,96,92,96
2024-02-27 13:49:43,119,71,74,61,96,59,91,96,74,60,90,62,119,120,92,61,119,122,96,119,101,90,74,119,93,88,88,71,96,75,90,97
2024-02-27 13:49:43,120,103,127,127,71,91,95,92,95,104,107,95,68,103,95,100,92,119,123,127,85,70,97,123,108,100,92,83,74,83,92,104
2024-02-27 13:49:43,107,119,114,96,114,109,107,114,121,127,101,100,79,109,104,106,127,97,124,108,124,107,105,95,81,96,103,100,124,83,106,93
2024-02-27 13:49:43,102,97,102,89,104,111,110,107,109,96,107,127,101,121,119,95,109,107,97,112,99,112,114,99,116,122,109,99,108,111,125,103
